,tweets,likes,time
0,"How could potential tax increases affect the economy and the stock market? Find answers to this and other top investor questions about the proposed federal tax reforms:
https://t.co/uTkLheczjX",3,2021-07-02 19:00:01
1,It's no longer a question of whether the economy can recover but how long growth will continue. Find out more about how this recovery could be different from post-2008: https://t.co/hZHDiLjX4s https://t.co/fXSbNlmunQ,3,2021-07-02 14:49:25
2,"Jon Jensen, Executive Director, D&amp;I Committee Member for Morgan Stanley at Work, shares insights with @BenefitsPRO on the unique #financialwellness challenges and needs of LGBTQ+ employees. See the full article: https://t.co/IThQ1pJwy3",1,2021-07-01 20:07:15
3,"At Morgan Stanley, we take pride in helping clients meet long-term financial goals while contributing to a more equitable society. Here‚Äôs how we do it: https://t.co/4vNaxH8qQz https://t.co/LvK49kWPOT",4,2021-07-01 15:40:20
4,"The changes forced by the pandemic have led employers and employees alike to consider how we can make work...work better. Our host Sonari Glinton explores the end of the 40-hour work week on the Now, What‚Äôs Next? Podcast. https://t.co/TOVSyj5pnV https://t.co/HycHVk581c",10,2021-06-30 21:34:51
5,The robust return of business investment is set to be a key theme for investors. On this episode we examine the bullish outlook for communications equipment and infrastructure. https://t.co/D4LuONma8t,10,2021-06-30 15:04:23
6,"Home sales have cooled lately, but Morgan Stanley sees it as little more than a pause in a strong housing market. Wealth Management Chief Investment Officer Lisa Shalett discusses why.
https://t.co/ifyjOKKEAY",6,2021-06-30 12:00:01
7,"Though we continue to work remotely in most locations, the ‚ÄúLights on Interns‚Äù initiative aims to welcome these bright and talented individuals to our workplace community. Read more from the @TimesofIndia: https://t.co/J9qWgspasr",15,2021-06-30 01:59:39
8,"As Co-Chair of the Pride and Ally Network at Morgan Stanley, Jen Ng works with firm leadership to develop new policies, practices, and opportunities to benefit LGBT+ employees. Learn more about her career at Morgan Stanley: https://t.co/jlE2teNZGN #WeAreProud https://t.co/QQhhbjR2xi",8,2021-06-29 21:04:00
9,We are proud to be a signatory of the Statement of the European Union Diversity Charter in Hungary. Our global community is diverse and embracing this makes us stronger. Read more: https://t.co/rA4MFyLZlA https://t.co/4ne7VObUc0,9,2021-06-29 16:40:43
10,"We‚Äôre thrilled to show our support for @FeedingAmerica, both on our Times Square billboard and through a $2.12 million grant that will provide families with more options to meet their needs at food banks. Learn more: https://t.co/yl5DLliFwq #MSGivesBack #LightsonBroadway https://t.co/5MISQhml62",12,2021-06-29 13:08:43
11,"20 Morgan Stanley advisers made Barron‚Äôs list of Australia‚Äôs Top 100 Financial Advisers for 2021 ‚Äì more than any other firm ‚Äì including the #1 adviser for two years in a row. A great result. 
https://t.co/BcD55ytuc6",14,2021-06-29 00:59:50
12,"It‚Äôs a digital currency, but it‚Äôs not cryptocurrency. It‚Äôs issued by a central bank, but it‚Äôs not cash. Confused? Intrigued? Click here to learn more: https://t.co/uoN6y0KlC3 https://t.co/LDLQIpw7DC",28,2021-06-28 18:10:46
13,"‚ÄúHow do we re-architect work so it‚Äôs happening in the way that humans work?‚Äù - @Deloitte‚Äôs Global Human Capital Leader @Erica_Volini, alongside @Kickstarter‚Äôs Chief People Officer Mai Ton and @CNBC journalist Bertha Coombs at our Senior Multicultural Leadership Conference. https://t.co/n5irTHRo7E",12,2021-06-25 19:16:32
14,"‚ÄúAs a nation and world, we have to develop and share the capabilities to address common components of a global pandemic,‚Äù said @CommonSpirit Health CEO @LloydHDean at our Senior Multicultural Leadership Conference today. Learn more about the conference: https://t.co/wOWIdthdSP https://t.co/3xnekXVZJP",12,2021-06-25 17:48:14
15,"‚ÄúWe‚Äôve kept our foot on the gas with regard to the Institute for Inclusion,‚Äù says Vice Chair @CarlaAnnHarris. Watch @CNBC to hear about recent milestones like the Next Level Fund, the Senior Multicultural Leadership Conference and more. Watch now: https://t.co/hZ0LYBQSm1",10,2021-06-25 12:56:55
16,Managing Director Alice Vilma gave the closing remarks at day 1 of our Senior Multicultural Leadership Conference. Learn how she‚Äôs applying her expertise to our new fund that targets high-growth companies with multicultural and female founders: https://t.co/9rrYQqQemy https://t.co/UX0crg2vmu,16,2021-06-24 21:20:18
17,"Industrialists like Henry Ford made the 40-hour work week popular in the 1920s. Host @Sonari Glinton examines how it‚Äôs working out on the Now, What‚Äôs Next? Podcast. Listen now:  https://t.co/4cdxy2bPSM",10,2021-06-24 19:44:58
18,"In addition to leading Global Marketing for Investment Management, Charles Burke Jr. helps guide LGBT+ recruiting, inclusion, and belonging across our firm as co-Chair of the Pride &amp; Ally Network. https://t.co/XrguU652u1",6,2021-06-24 14:30:47
19,"Thanks for stopping by @Cheyenne_Woods! Mentorship for young women is essential, and we‚Äôre thrilled to work with you and @TheFirstTee to prepare young golfers for success. Learn more: https://t.co/kI0t9fT2MX https://t.co/DLV6oH21hU",25,2021-06-23 21:36:30
20,"Companies with the highest intangible asset intensity have both higher growth and more dispersion, according to a new report from Consilient Research. This has important implications for how investors should think about corporate growth rates. https://t.co/3lWArLKb7E https://t.co/JT7E4BsbAq",13,2021-06-23 19:00:01
21,"In celebration of International Women in Engineering Day, we honor the achievements of women engineers around the world like Managing Director and Distinguished Engineer Yunchi Nam, who helps lead our data architecture strategy and implementation. #WomenInTech  #INWED21 https://t.co/kFWz9JbUBT",18,2021-06-23 17:15:00
22,"Learn how Morgan Stanley is investing in startups founded by women and multicultural entrepreneurs, with the support of @Hearst, @Microsoft and @Walmart. https://t.co/jtCG4NHQYF",12,2021-06-23 16:22:28
23,"For Honeywell CEO Darius Adamczyk, transforming a legacy industrial company into a tech powerhouse was his mission. But how do you disrupt a playbook that has worked successfully for over 100 years? Watch the full conversation now: https://t.co/gzIDV8NkOb https://t.co/GW0TbvwneA",6,2021-06-23 14:06:28
24,"It‚Äôs a digital currency, but it‚Äôs not cryptocurrency. It‚Äôs issued by a central bank, but it‚Äôs not cash. Confused? Intrigued? Click here to learn more: https://t.co/la66f4I4Zp https://t.co/Kh96B9iNud",29,2021-06-22 18:55:49
25,"The twin virtues of scale and diversification in our high-quality holdings have played a part in their strong earnings performance, both through the recent crisis and over time. Marcus Watson, of our International Equity team, explains. https://t.co/DDuAool2zW https://t.co/an52qyR5Us",7,2021-06-22 14:00:02
26,NEW PODCAST: @wealthparatodos and @Bea_Latina join @CarlaAnnHarris to discuss breaking down the wealth gap by promoting financial literacy in the Latinx community. Listen now: https://t.co/TQiUgQYWss https://t.co/AYdJgurssL,19,2021-06-22 13:13:20
27,"The final count is in. In recognition of these efforts, our firm is proud to donate $5 million, the equivalent of 50 million meals, through grants to our hunger partners around the world.
Learn more: https://t.co/INm4D7c4uA #MSGivesBack https://t.co/OQsDqunBjd",17,2021-06-21 19:32:27
28,"Michael Zezas, Head of US Public Policy Research, discusses his outlook for infrastructure reform on @CNBC Squawk Box. Watch here: https://t.co/AXNTOAqJx2 https://t.co/3DGNcBJqzM",7,2021-06-21 16:14:55
29,"Say hello to our nearly 250 EMEA summer interns who hail from over 35 different countries and include world class athletes, entrepreneurs and a TikTok star. Follow along with #MyMSSummer and explore opportunities at our firm: https://t.co/4dWQ2kfK0q https://t.co/YbYhkqK1U4",24,2021-06-21 14:06:44
30,Today we honor #Juneteenth and emancipation from slavery in the U.S. We also affirm our commitment to addressing inequality and injustice. Learn about our firmwide efforts to promote racial equity: https://t.co/lgvbolviSO https://t.co/C8XFkzK5Ah,28,2021-06-19 14:45:36
31,"Professional video gamers face short careers and unpredictable incomes. That‚Äôs why it‚Äôs critical to build a robust financial plan. Here‚Äôs how.
https://t.co/c0pCorvTRa #esports",13,2021-06-16 14:00:00
32,"This World Elder Abuse Awareness Day, learn how to help keep yourself and your loved ones protected against fraud and identity theft.
https://t.co/3q8TrWNUdj",19,2021-06-15 13:59:43
33,Members of the Morgan Stanley Pride and Ally Network joined together remotely as part of our annual LGBT+ Pride Month celebrations! Click here to learn more about our diversity and inclusion initiatives: https://t.co/cbpQMeXDqm #WeAreProud https://t.co/wd35PoJ4uu,12,2021-06-14 21:37:20
34,We are proud to feature Financial Advisor Carolina Silva as she discusses the importance of LGBTQ+ representation in finance. ‚ÄúIt's important to work with a Financial Advisor who accepts you for who you are.‚Äù #MSWomenWithoutLimits https://t.co/FbEWKrLE5y,6,2021-06-14 20:25:27
35,It's no longer a question of if the economy can recover but how long growth with continue. Here's why this recovery could be very different from post-2008. https://t.co/PQjTk3Ybty,25,2021-06-14 15:43:51
36,We are honored that Morgan Stanley‚Äôs Multicultural Innovation Lab has been honored as one of the World‚Äôs Best Financial Innovation Labs by @GFMag! Read more: https://t.co/BJO9Lf2t77 #MCIL https://t.co/oH3GjgCYCI,21,2021-06-11 22:03:38
37,Morgan Stanley Research takes a deep dive on which businesses are likely to benefit most from the core U.S. infrastructure bill. Read our six full takeaways for investors: https://t.co/gcEDfKbXDd https://t.co/D7O2ZwdNHp,36,2021-06-11 19:48:16
38,Fixed income investors play an important role in pursuing positive sustainability outcomes through a constructive dialogue with issuers around ESG. Read to find out how the our Fixed Income Team incorporates engagement throughout their investment process. https://t.co/KVFHzWOKGi https://t.co/gFtlPyUmOF,16,2021-06-11 16:30:01
39,"Discover why investors may need to get more creative for the rest of 2021, despite strong global economic growth. How to navigate a hotter, shorter cycle: https://t.co/A0aCfyncXE",17,2021-06-11 14:59:42
40,"Trees As Infrastructure, a project of @darkmatter_labs, is establishing nature as a critical part of urban infrastructure, alongside bridges, roads and rail, enabling investment, profitability and sustainability. https://t.co/uN9eweZVtD (6/6) https://t.co/0XXtn24mKz",16,2021-06-10 21:00:15
41,".@SunCultureKenya is bringing together innovations in inclusive finance, renewable energy and sustainable agriculture to help make smallholder farming in Africa more profitable and sustainable. https://t.co/0xyMVM9lSW (5/6) https://t.co/eUYNaFGpwB",7,2021-06-10 20:58:48
42,.@siklusrefill is an organization tackling the nexus of poverty and plastic waste in Indonesia by operating refill stations through local stores and mobile delivery carts that help reduce plastic waste and save consumers money. (4/6) https://t.co/7l56VPt8cB,8,2021-06-10 20:53:47
43,"MySOC is a project of @SkidmoreCollege and @michiganstateu that is harnessing vast amounts of data to create a new market for soil carbon measurement, in partnership with farmers committed to sustainability. (3/6) https://t.co/xJoLMnQr18",6,2021-06-10 20:46:01
44,.@mPharmaHealth is a Ghana-based health-tech startup that is using e-commerce tools to revolutionize the drug supply chain and make healthcare accessible and affordable in Africa. https://t.co/XlbxP2yy7c (2/6),12,2021-06-10 20:40:44
45,"Five organizations across four continents compose the inaugural cohort of a new Morgan Stanley initiative that helps scale sustainability solutions. Meet the members of the Sustainable Solutions Collaborative ‚¨áÔ∏è (1/6)
https://t.co/kYmLcTWlrR",22,2021-06-10 20:26:13
46,"With tensions not abating, investors should prepare for a world where these major economies are significantly less integrated. Michael Zezas explains.  https://t.co/QkkkYocWKl",11,2021-06-10 19:32:36
47,"What is a #circulareconomy? Ellen MacArthur, the fastest solo sailor to circumnavigate the globe and founder of the Ellen MacArthur Foundation, joins Chief Sustainability Officer Audrey Choi to help explain. @circulareconomy https://t.co/yw26eFky1i",15,2021-06-10 12:30:00
48,"‚ÄúWe continue to introduce investors to new age companies in FinTech, EduTech and HealthTech as they prepare to get listed over the coming years,‚Äù says Sanjay Shah in an interview with @CNBCTV18News on the sidelines of our 23rd India Investor Summit: https://t.co/NQVtYGjJz4 https://t.co/PIzAuPm72u",12,2021-06-10 04:04:47
49,"Congratulations to Mona Benisi, our Global Real Assets Team Head of Sustainability, on being named a winner at the 2021 Women in Sustainability Leadership Awards (WSLA). Learn more: https://t.co/yZ30hIWpjf https://t.co/q4yTepnfcT",9,2021-06-09 18:44:16
50,"Five breakthrough innovations win funding and resources as part of a Morgan Stanley initiative that advances systemic solutions for complex sustainability challenges. Find out more: 
https://t.co/1hcBoPKvvs",18,2021-06-09 15:06:16
51,"‚ÄúThe next wave of foreign capital into India will be into the upcoming share issuances by new-age technology or healthcare companies,‚Äù says Gokul Laroia, Co-Head of Global Equities and Co-CEO of Asia Pacific on the sidelines of our Virtual India Summit https://t.co/i8scfVvSsu https://t.co/KHobeLX7mD",24,2021-06-09 05:34:34
52,PODCAST: Lost and discarded commercial fishing gear is the largest source of macro-plastic waste in our oceans. How does an entire industry address this problem?  https://t.co/NyjgJmkAHn #AtScalePodcast #WorldOceanDay,7,2021-06-08 23:32:23
53,"For the 7th consecutive year, we‚Äôre proud to be voted #1 in @iimag‚Äôs All-Asia Research Team survey. Our research teams ranked in all 36 available categories across sectors, macro/strategy and markets, including 17 top ranked teams. For more: https://t.co/F5E6eqLKxQ",8,2021-06-08 21:00:00
54,Using tech to clean the ocean: A team of Morgan Stanley Technology volunteers designed and built a cloud-based digital platform for @BillionOyster to track and monitor oyster growth. Learn more: https://t.co/r0NYwsjX2L https://t.co/Z3BbPzAHQv,18,2021-06-08 20:32:02
55,New macro data on employment and consumer prices are unlikely to settle market uncertainties about inflation and course of the recovery. Mike Wilson explains. https://t.co/49veqI7Q4r,6,2021-06-08 14:35:15
56,"‚ÄúIn spite of the risks, we are in the midst of a multi-year bull market,‚Äù says Ridham Desai, our Head of India Equity Research, as we kick-off this year‚Äôs Morgan Stanley Virtual India Summit. You can read more about his outlook in The @EconomicTimes: https://t.co/6LhifZUxhd https://t.co/2lIdT3rnvj",27,2021-06-08 04:04:33
57,Today we welcome over 720 Summer Analysts and Associates as they begin their journey with Morgan Stanley in North America. Follow their exciting endeavors over the coming weeks with #MyMSSummer. Learn more about opportunities at Morgan Stanley: https://t.co/X8VQjIQLaM https://t.co/G28qlU1l6m,29,2021-06-07 19:59:59
58,"When‚Äôs the last time you visited a mall? Their presence in the retail landscape is tenuous, with 1 in 4 malls in the U.S. at risk of closing in the next 5 years. Listen to @Sonari explore the fate and the future of malls around the world: https://t.co/0CsQM2fIha https://t.co/oarMEnvJwY",6,2021-06-07 17:30:01
59,Learn how companies are embracing sustainability as an opportunity to drive higher public-market valuations: https://t.co/aC0Tv6a5rM https://t.co/L8BmSMmJp5,11,2021-06-06 23:14:24
60,"Move for Meals is all about counting steps. They don‚Äôt have to be big ones. Alberto Tamura, President and CEO of Morgan Stanley Japan and his son joined our annual campaign to fight hunger around the world. Learn more: https://t.co/OmdPBOU8mE #MSGivesBack https://t.co/oExinAqsoV",18,2021-06-06 10:00:00
61,"Every step counts as Morgan Stanley employees across Asia Pacific, including Co-CEOs, Gokul Laroia and Wei Christianson, join in to Move for Meals to fight hunger with our charity partners @FeedingHK and @WorldVision. Learn more: https://t.co/xfuN3xH24z #MSGivesBack https://t.co/E3nfq4ADcO",18,2021-06-04 22:00:06
62,How do you disrupt a playbook that has worked successfully for over 100 years? Watch @honeywell CEO Darius Adamczyk and Morgan Stanley‚Äôs Katy Huberty dive into digital transformation: https://t.co/sqWSzYcHAl https://t.co/WHO9hkTcLm,24,2021-06-04 20:42:23
63,"This week, thousands of employees are joining together to walk a bit more to feed a lot more in our second Move for Meals campaign. Learn about how #MSGivesBack: https://t.co/u5N0Irobdv https://t.co/8xKCYW6bxS",11,2021-06-04 01:00:01
64,"Learn more about how our cloud partnership with @Microsoft @Azure from Rob Rooney, our head of Tech, Operations, and Firm Resilience: https://t.co/YXnxEcYdlF #MSTech",22,2021-06-03 23:57:38
65,RT @CFUF_Baltimore: We have news! CFUF won first place in Morgan Stanley's 12th Annual U.S. Strategy Challenge! We are very excited and gra‚Ä¶,0,2021-06-03 21:57:50
66,"Meet Michelle, who uses her fluency in several languages and her love of exploring new cultures in her job as an Associate on our Asia-Pacific Investment Banking management team in Hong Kong. https://t.co/IANQrkTWEh",12,2021-06-03 16:04:50
67,Now is the time for institutional investors to re-examine the role of U.S. Treasurys in their fixed income portfolios.  Our Portfolio Solutions Group explains why. https://t.co/ks6NTAMGRN https://t.co/cqszD21wQf,13,2021-06-03 13:14:06
68,"Our new #cloud partnership with @Microsoft @Azure will bring together our engineering teams with the goal of providing better services and security for our clients and employees, while informing industry-specific tech innovations. Learn more: https://t.co/iq2tI0df2y",22,2021-06-02 21:17:12
69,"Why China‚Äôs ambitious blueprint to shape tech standards may have significant impact on the future of tech. Insight from Shawn Kim, Head of Asia Technology Research. https://t.co/kftFB4fy7l",9,2021-06-02 20:02:12
70,Our Move for Meals campaign is already in full swing with employees getting active in the name of tackling world hunger with charity partners like @ARCHE_Kids. Andrea and Katja from our Frankfurt office racked up steps on one sunny lunchbreak. https://t.co/Vpa2XbIrvM #MSGivesBack https://t.co/TPq82WhkAa,11,2021-06-02 16:43:11
71,Happy Pride! #WeAreProud to celebrate the diversity of the LGBT+ community and power of identity with members of our global Pride and Ally Network. https://t.co/kdk2Pbmbok,27,2021-06-01 21:20:26
72,Is it a bad thing that many workplace changes caused by the pandemic are here to stay? Not necessarily. Find out why: https://t.co/SLrW0Tl16k #morganstanleyatwork https://t.co/8G8r6zMbhf,10,2021-06-01 19:49:44
73,"Employees like Ben, TJ, @ileanamusa3 and Elizabeth Dennis got an early start on walking for this year's Move for Meals initiative, supporting @FeedingAmerica and our other global charity partners. Learn more: https://t.co/rgCv1tUEAO #MSGivesBack https://t.co/PApg3su3jy",16,2021-06-01 17:00:59
74,"Even as we face the continuing challenges of the pandemic, our commitment to helping those in need remains strong. This week we'll be sharing how our employees are joining together to walk a bit more to feed a lot more. https://t.co/sPvD1oMIs4 #MSGivesBack https://t.co/dbAHfOTABq",13,2021-06-01 02:19:54
75,"Each Memorial Day, we honor the people who have given their lives while serving in the United States armed forces across the front of our Times Square headquarters. Today, take the time to remember those we have lost. #MemorialDay https://t.co/lwIYofIhwJ",41,2021-05-31 17:16:18
76,"With more than 18 million veterans living in the U.S. today and numerous nonprofit organizations dedicated to improving their lives, there are a vast number of ways to approach your giving to veterans causes. 
https://t.co/fgdIu8wFPg",12,2021-05-31 12:59:59
77,"As we shift to the middle stage of the business cycle, it‚Äôs as important as ever for investors to guard against complacency. Wealth Management Chief Investment Officer Lisa Shalett discusses three key risks to watch:
https://t.co/UeyIXEeRAN",17,2021-05-30 16:04:35
78,"In honor of #529Day, take a moment to connect with your Morgan Stanley Financial Advisor on your plans for your loved ones.
https://t.co/7O9EcKedR3",8,2021-05-30 03:47:13
79,"As co-chair of the Asian Employee Network, Managing Director Ashwin Krishnan works to create a space where employees can learn and grow through exposure to the experiences of others. Learn more about his role: https://t.co/ncS1NMxiGi #APAHM #AAPIHM https://t.co/nl1BPXyZdE",9,2021-05-30 00:44:42
80,"Chief US Equity Strategist, Mike Wilson, discusses his mid-year outlook and view that the mid-cycle has arrived on @CNBC: https://t.co/WcjrzXak7H https://t.co/jTKRM0RTY3",11,2021-05-28 20:59:53
81,Chief Human Resources Officer Mandell Crawley spoke to an audience of top Morgan Stanley Financial Advisors and Managers at our Multicultural Leadership Summit this week. Click to learn more about his career at Morgan Stanley: https://t.co/3bJGFmVVTs #MorganStanleyMLS2021 https://t.co/rbpapNdzDx,15,2021-05-28 13:00:02
82,"NEW PODCAST: 1 in 4 malls in the U.S. may close over the next 5 years. Now, what‚Äôs next? @Sonari explores why we go to the mall, how we can build them more sustainably and how malls on the brink are being reimagined. https://t.co/sPKGcARXlD",16,2021-05-28 11:30:00
83,"‚ÄúThe focus on #decarbonization in China will present alpha opportunities, though challenges remain around ESG data disclosure and corporate engagement,‚Äù said Asia ESG Strategist, Tim Chan who moderated the ESG Investing Panel at our Virtual China Summit. https://t.co/JO978PTcB0 https://t.co/WrEdEYjRl4",16,2021-05-28 04:29:42
84,"‚ÄúWe also expect more market reforms in the next few years to improve A-shares accessibility and investibility, particularly for institutional investors,‚Äù explained Chief China Equity Strategist, Laura Wang during the Morgan Stanley Virtual China Summit. https://t.co/s1L2hr5dPH https://t.co/KH9Yy3WmFG",9,2021-05-28 00:29:49
85,"A team of Morgan Stanley employees consulting with @CFUF_Baltimore are the winners of our 2021 U.S. Strategy Challenge! Learn more about the program, and how it helped position the Center for Urban Families for success:  https://t.co/ZHEAV0rHVf https://t.co/JVfORnwCAM",12,2021-05-27 21:15:02
86,"A new generation of diverse leaders at Morgan Stanley virtually joined our Multicultural Leadership Conference this week, and Head of Diversity and Inclusion Susan Reid was there to set the tone. Learn about the experiences that drive her work at our firm: https://t.co/Ajd6QTbsrg https://t.co/V1Ylrz3Nm9",15,2021-05-27 17:00:03
87,"‚ÄúIn China, investment demand continues to remain strong, with booming exports and rising export market share leading to record-high capacity utilization and a strong profit recovery,‚Äù says Chief Economist and Global Head of Economics, Chetan Ahya, during our Virtual China Summit. https://t.co/p97My8CN59",16,2021-05-27 05:00:01
88,Chief Asia Emerging Market Equity Strategist Jonathan Garner explores recent developments in Asia equities on @Bloomberg. He‚Äôs one of the leaders sharing deep insights at our Virtual China Summit this week. https://t.co/BMvLajnU0D https://t.co/oEzZQ7rhqz,17,2021-05-27 03:33:26
89,"PODCAST: 85% of the clothing Americans buy ends up in incinerators or landfills. On this episode of At Scale, Chief Sustainability Officer Audrey Choi explores how we can create real change from design to materials, to resale and recycling. https://t.co/b6NnL5D39P https://t.co/0cOdCgdxVi",13,2021-05-26 21:22:07
90,"Head of Wealth Management Diversity and Inclusion Kara Underwood kicked off a program of diverse leaders, thinkers, and change-makers at #MorganStanleyMLS2021 this week. Learn about one of the ways we‚Äôre driving change in wealth: https://t.co/quXb2dPRBH https://t.co/J9OGf3Y0FS",10,2021-05-26 16:00:46
91,"As we shift to the middle stage of the business cycle, it‚Äôs as important as ever for investors to guard against complacency. Wealth Management Chief Investment Officer Lisa Shalett discusses three key risks to watch:
https://t.co/iXd6FeDtjB",6,2021-05-26 13:00:01
92,"Chief US Equity Strategist, Mike Wilson, discusses his mid-year outlook and view that the mid-cycle has arrived on @CNBC: https://t.co/2ccTst7zsi",22,2021-05-24 22:30:00
93,"When the world stopped, our commitment to giving back kept going. Here‚Äôs a look at the last year of our firmwide charitable response to COVID-19. #MSGivesBack https://t.co/UFtpQqKlQe https://t.co/MZAGxiSW0Z",19,2021-05-24 21:34:26
94,"Morgan Stanley Research estimates that the growth trend of U.S. pet ownership more than tripled during the pandemic, while spending on everything from veterinary care to pet accessories has proven resilient, even during the recession. Learn more: https://t.co/PNMfxAUsGc https://t.co/UVDGsNBzka",13,2021-05-24 19:30:13
95,"We‚Äôre celebrating our charity partner @TheSteveFund as part of our Lights on Broadway campaign. For #MentalHealthAwarenessMonth, learn more about the critical work they do promoting mental health for young people of color: https://t.co/iHHHi2OkDk https://t.co/u7dU5DFppI",14,2021-05-23 17:42:51
96,"While many investors see the recent jump in prices as transitory, we believe it‚Äôs much more than just a blip. Wealth Management Chief Investment Officer Lisa Shalett explains.
https://t.co/2CojPpb85R",9,2021-05-23 11:59:38
97,"Is your small business ready for a ransomware attack? Learn about prevention tips and recovery strategies. #cybersecurity #ransomware
https://t.co/0IjsjNKpEE",10,2021-05-22 19:00:04
98,"Amid a whirlwind year for streaming, Brian Roberts, Chairman and CEO of Comcast, sits down with Morgan Stanley to discuss competition, innovation and the shifting media landscape. https://t.co/NaViNTaXa1",11,2021-05-21 20:14:55
99,This was an easy one. We‚Äôre proud to have been Stock Symbols for $600 on @Jeopardy this week. #TournamentOfChampions https://t.co/bK9SRPfRPC,31,2021-05-21 19:00:01
100,"Today is the @unitednations‚Äô World Day for Cultural Diversity for Dialogue and Development, head over to our Instagram Stories to see some of our many talented and diverse staff, from cities around the world, celebrate their cultures: https://t.co/vp6O77qz8D https://t.co/syuT981j07",7,2021-05-21 15:07:48
101,Follow the #MorganStanleyACMH nonprofit partners for their amazing resources and to further support their missions: https://t.co/nQB2grZDl6 (5/5),7,2021-05-20 18:44:31
102,"If you‚Äôre already involved with a nonprofit in the mental health space, apply to our Innovation Awards for a chance to fund an eligible children‚Äôs mental health project: https://t.co/JB4aTIv46q (4/5)",5,2021-05-20 18:43:37
103,"Give back to organizations that are looking to make a difference. Children‚Äôs mental health is massively underfunded, as Morgan Stanley‚Äôs Joan Steinberg explores with @InsidePhilanthr: https://t.co/7aERqDNf3k (3/5)",3,2021-05-20 18:42:53
104,Take action and find free resources at https://t.co/fJNGtyIMum (2/5),3,2021-05-20 18:41:38
105,We‚Äôre proud to participate as a partner for the first #MentalHealthAction Day. Take a moment today to take action on your own mental health and help those around you. Here‚Äôs a thread of ways you can take part ‚¨áÔ∏è (1/5) https://t.co/ehqK1EDmnW,33,2021-05-20 18:30:04
106,"Move over, crypto. Central banks are edging closer to introducing their own digital currencies. How much disruption could it bring to the financial system? https://t.co/rWDDrh84hG",20,2021-05-20 17:04:56
107,"Should you be bullish on the American consumer? Here are 5 reasons to boost your confidence from Jitania Kandhari, Head of Macroeconomic Research for the Global Emerging Markets Team and Co-Manager of the Active International Allocation Portfolio. https://t.co/jaGEVaTVON https://t.co/gBum9xtgTV",6,2021-05-20 14:44:07
108,"As co-chair of the firm‚Äôs Asian Employee Network, Executive Director Julie Chung works to make sure everyone has a voice. Learn more about our ongoing commitment to diversity, equity, and inclusion: https://t.co/bmQtdMhdWF #APAHM #AAPIHM https://t.co/vzLxpU9DWc",11,2021-05-20 14:33:31
109,"We‚Äôre proud to be the sponsor of this year‚Äôs Native Son Awards, honoring Black gay men who are mavericks, innovators, leaders, and visionaries. Learn more: https://t.co/wxjY9jK1Ov @nativesonnow https://t.co/Ueocx8YqXe",13,2021-05-19 19:05:03
110,"Ellen Zentner, Chief US Economist, joins @CNBC to discuss the impact of the latest economic data on her outlook for the recovery. Watch here: https://t.co/9JlfNnnWWq.",10,2021-05-19 12:00:00
111,"The Webby Award for Best Business Podcast goes to Access and Opportunity with @CarlaAnnHarris! Watch Carla‚Äôs #5WordSpeech below. Thank you for joining us for 7 seasons of stories, lightning rounds, and playbook points. Listen now: https://t.co/tgPF8iiOkb #Webbys @TheWebbyAwards https://t.co/8PxqwvuDmq",29,2021-05-18 20:00:13
112,"We want to empower charities like @BuildaNest to do the things they do best. Teams of Morgan Stanley employees will review a key issue they face and offer solutions as part of our 2021 Strategy Challenge. Find out more: https://t.co/R9HgyxPxn8
 #MSGivesBack https://t.co/j4lAdAOLWe",8,2021-05-17 21:11:57
113,Learn how companies are embracing #sustainability as an opportunity to drive higher public-market valuations: https://t.co/DNv51fYoeq https://t.co/npKp1jAw6X,9,2021-05-17 18:30:13
114,"Leading up to the United Nations World Day for #CulturalDiversity for Dialogue and Development, you can visit our Instagram Stories to meet just a few of the employees who make our company culture so special. Click to get started: https://t.co/ZI4E1GR2fH # https://t.co/phk2haEKIr",5,2021-05-17 17:40:21
115,.@aarti411 joined Managing Director Seema Hingorani and our Asian Employee Network to speak about the experiences that led her to become an activist and advocate for immigrants. #APAHM #AAPIHM https://t.co/Y7wRrB5H5k,11,2021-05-16 13:30:04
116,Join us in congratulating Morgan Stanley Executive Directors Sophie Chandauka and Bijna Kotak Dasani who have been recognised in the @EMpoweriB 100 Ethnic Minority Executive Role Models 2021 List. Read more: https://t.co/NP3ZeU3vfE #EMRoleModels21 https://t.co/DQbVcxwZmL,17,2021-05-15 14:30:00
117,"The past year, major Hollywood movie theaters came close to bankruptcy, while independents struggled to stay alive. Host @Sonari Glinton explores how the pandemic changed how we watch movies, who gets to tell stories, and where they get made. https://t.co/EUPBh8PaYP",54,2021-05-14 21:35:27
118,"While addressing climate change is a priority for investors, many lack strategies for how to do it. Portfolio manager Andrew Harmstone explains how investors can align their portfolios with the Paris Agreement. https://t.co/LeV2Fsub65",16,2021-05-14 19:00:02
119,Congratulations to the @CityYearUK team who were crowned the winners of the 2021 UK Strategy Challenge!  Learn more about the Strategy Challenge here: https://t.co/lo3RK3FtcX #MSGivesBack https://t.co/xJ5UVFWJuZ,12,2021-05-14 14:16:20
120,"6 takeaways for investors about why the Biden administration‚Äôs infrastructure plan could spark a decade-long supercycle for building materials, spilling over to the rest of the U.S. economy. 
https://t.co/p5kt4Tj7HY",9,2021-05-14 14:00:00
121,Labor shortages and inventory constraints are weighing on U.S. manufacturing and shipping. How severe could the impact be to U.S. GDP and multi-industry revenues? https://t.co/WLAqAYv6E2,4,2021-05-14 12:19:42
122,"Peter Akwaboah, our COO for Operations, Technology, and Firm Resilience discussed championing gender diversity in the work place &amp; the latest tech innovations to pay attention to, at the One Tech World Conference. Read more about Tech at Morgan Stanley: https://t.co/Mg2BYmC680 https://t.co/OreiqZv9Zr",14,2021-05-13 22:01:54
123,"Si√¢n Allsopp, Executive Director of Technology at Morgan Stanley, discussed the importance of placing an emphasis on equity as businesses look to create diversity and inclusion initiatives, at the @WATC_WeAreTech One Tech World Conference. Read more https://t.co/pJo3bMRru3 https://t.co/YVlR4HcPvc",11,2021-05-13 14:29:40
124,"The US economy seems to be poised to be an engine for global growth. How does the Fed position itself accordingly? Ellen Zentner, Chief US Economist, speaks with Richard Clarida, Vice Chair of the @FederalReserve on this and more: https://t.co/9wAmiW0xRj @business_econ",6,2021-05-13 14:09:50
125,".@Comcast Chairman and CEO Brian Roberts sits down with Benjamin Swinburne, Head of U.S. Media Research, to share how the company navigated a whirlwind year and how he sees the future of media. Watch it now: https://t.co/ij56cTZFG9",9,2021-05-13 13:08:58
126,Morgan Stanley has committed to mobilize $1 trillion in support of the UN‚Äôs Sustainable Development Goals by 2030 and tripled our earlier low-carbon commitment. Learn more: https://t.co/96YLXo7vs7,14,2021-05-12 21:38:46
127,"Congratulations to Ileana Musa, Co-Head of International Wealth Management and Head of International Banking &amp; Lending, on her induction into the @RedShoeMovement hall of fame! https://t.co/KSgfoSzulC",14,2021-05-11 21:47:19
128,"Morgan Stanley Research estimates that the growth trend of U.S. pet ownership more than tripled during the pandemic, while spending on everything from veterinary care to pet accessories has proven resilient, even during the recession. Learn more: https://t.co/IlTZOrK4ro https://t.co/3R6dOTkZ7v",21,2021-05-11 19:16:21
129,"Find out why @IKEA CEO Jesper Brodin thinks ‚Äúthis is possibly the most important decade in the history of humankind,‚Äù in the first episode of our new series Sustainability Matters. Watch it now: https://t.co/ZpJCierB81",13,2021-05-10 22:14:00
130,"Joan Steinberg, our Head of Philanthropy, makes the case for choosing to stand up for children‚Äôs mental health. #MentalHealthMonth #MorganStanleyACMH
https://t.co/Ggn2AFNWud",15,2021-05-10 19:11:14
131,"Meet Rook, and her older sister Bink. Rook joined the home of Vice President Marika Kamimura this year, and our research suggests she‚Äôs not alone. Discover the trends that could nearly triple the size of the pet industry by 2030: https://t.co/Ouae2uCtrJ https://t.co/5toIxPXagH",20,2021-05-08 20:00:00
132,.@CFUF works to strengthen urban communities by helping fathers and families achieve stability and economic success. They're 1 of the 12 nonprofits participating in our 2021 Strategy Challenge. Find out more: https://t.co/cHp1me7J4J #MSGivesBack https://t.co/8u82lB8Uxj,7,2021-05-08 18:00:01
133,"We‚Äôre proud to have one of the longest standing corporate partnerships in Carnegie Hall‚Äôs history. This week, our Chairman and CEO James Gorman virtually accepted their Medal of Excellence to celebrate over 40 years of support. #MSGivesBack https://t.co/GNxKd4DkGj",21,2021-05-08 16:05:36
134,PODCAST: Lost and discarded commercial fishing gear is the largest source of macro-plastic waste in our oceans. How does an entire industry address this problem?  https://t.co/IOGVOCnXab #AtScalePodcast,10,2021-05-07 19:35:45
135,"Today is #ChildrensMentalHealthDay. Learn about the crisis facing kids today, and how the Morgan Stanley Alliance for Children‚Äôs Mental Health is helping to address this problem: https://t.co/PJIgF1ky0K #MorganStanleyACMH https://t.co/7ieaZzRf11",24,2021-05-07 15:02:01
136,‚ÄúHow do you know if you have an inclusive work environment?‚Äù asks @KanarysInc CEO Mandy Price. ‚ÄúThe key signifiers are going to be underrepresented employees.‚Äù We're helping her accelerate the DEI SaaS platform she co-founded. Read more: https://t.co/zy35mhD3Oc #MCIL https://t.co/40WxMyeiof,9,2021-05-06 20:29:57
137,"Practicing good password security is one of the best steps to improve your online safety. Learn how to add layers of security to your accounts, from complex passwords to password managers: https://t.co/ITFoV7jClk #WorldPasswordDay https://t.co/K9rI6scrAK",9,2021-05-06 16:25:17
138,The U.S. Supreme Court is expected to deliver a decision soon on a key case for the future of the Affordable Care Act and the 20 million Americans who have acquired coverage under it. The outcome could have significant impacts for investors too. https://t.co/ghfsWcHqV6,6,2021-05-06 11:14:56
139,"We‚Äôre proud to support We Are More, a new public art project by Amanda Phingbodhipakkiya. Coinciding with Asian Pacific American Heritage Month, #WeAreMore challenges stereotypes and celebrates the AAPI community. @tsqarts #MSArts @alonglastname https://t.co/xMmveUn9ie",14,2021-05-05 17:36:11
140,"Watch Wei Sun Christianson, Morgan Stanley‚Äôs Co-CEO of Asia Pacific and CEO of China, as she speaks today at the @FinancialTimes Global Boardroom conference. Learn more:
https://t.co/8qqZ8RX6ss #FTGlobalBoardroom https://t.co/Y8Pit7fatc",9,2021-05-05 01:59:31
141,"Five themes illustrate how governments, corporations and investors could drive growth in the sustainable fixed-income market, as they plot post-pandemic economic growth. https://t.co/CIKbwQ9flQ",17,2021-05-04 20:45:11
142,"New risks to the bull market are emerging. Key among them: Mounting supply-chain pressures.  Morgan Stanley Wealth Management Chief Investment Officer Lisa Shalett discusses how investors can prepare.
https://t.co/mLfft5oVpb",15,2021-05-04 16:44:34
143,"The COVID-19 pandemic, insufficient investment, and the lack of an effective way to connect innovative ideas with capital, have deepened the crisis in children‚Äôs mental health. We're searching for solutions. https://t.co/NM2icA4BTR #MentalHealthMonth https://t.co/DK1vxi97Em",17,2021-05-03 21:26:00
144,"These five @HowardU freshmen will receive full-ride 4-year scholarships, career readiness training, Morgan Stanley mentors, and networking opportunities to help them succeed in their field of choice. Learn more: https://t.co/jg0iZUakpw https://t.co/ZClAT04khl",17,2021-05-03 17:53:51
145,"You can listen to the Webby-nominated Access and Opportunity Podcast with @CarlaAnnHarris, available on all major podcast platforms. https://t.co/1qOtVVRbp7 #webbys #webbypeoplesvoice https://t.co/UgmAEnaMfL",19,2021-05-02 20:00:07
146,"Ever wonder how an NBA All-Star thinks about success? Here‚Äôs what Grant Hill thinks you should know.
https://t.co/0KHPonM3xf",12,2021-05-02 16:59:55
147,"Meet Michelle, who uses her fluency in several languages and her love of exploring new cultures in her job as an Associate on our Asia-Pacific Investment Banking management team in Hong Kong. https://t.co/U8xqmJAc7R",24,2021-05-02 11:00:00
148,".@CFUF works to strengthen urban communities by helping fathers and families achieve stability and economic success. They're 1 of the 12 nonprofits participating in our 2021 Strategy Challenge. Find out more: https://t.co/dd2v7TXSFP
#MSGivesBack https://t.co/vnqmz3l5kT",13,2021-05-01 19:29:43
149,"Remote learning and social distancing have ramped up internet use among kids, but not without risk to their mental health. Morgan Stanley is working with the @ChildMindInst to study the impact. https://t.co/iBbA01NoBs https://t.co/7i55GSkXb8",15,2021-05-01 16:32:58
150,Members of our Asian Employee Network met remotely to mark the beginning of Asian Pacific American Heritage Month. We celebrate the diversity of our community while standing together in solidarity. #APAHM #AAPIHM https://t.co/1yspAQqXmM,12,2021-05-01 12:59:59
151,Plans to introduce digital currencies are gaining momentum among the world‚Äôs central banks. But what level of disruption will it bring to the financial system? Listen now: https://t.co/ygi547z744,11,2021-04-30 23:14:49
152,"We‚Äôre proud to be recognized among @LinkedIn‚Äôs top companies in the United States. Through our culture and the resources we provide, we hope to create an environment where our employees can grow, personally and professionally. #LinkedInTopCompanies https://t.co/smCBxKh1p1",9,2021-04-30 15:59:46
153,"During our Hong Kong office‚Äôs Move It for Mental Health campaign, employees hiked over 5,200 miles to raise awareness and funds for @MindHK, a member of the Morgan Stanley Alliance for Children‚Äôs Mental Health. Learn more: https://t.co/tN8H5uphHO https://t.co/UaNN4Kc5m0",8,2021-04-30 01:37:02
154,"Summer months have historically seen lower, more volatile returns, but strong year-to-date gains and potentially higher inflation could intensify that trend. https://t.co/sWnb8WSFYi",6,2021-04-29 18:44:45
155,"On the #Webby-nominated Access and Opportunity Podcast, @CarlaAnnHarris explores the connection between capital and communities. Listen now on all major podcast platforms. https://t.co/iBFE5yTZMj #WebbyPeoplesVoice https://t.co/wVIrQ4AlLv",11,2021-04-29 17:30:54
156,"Morgan Stanley is proud to be named among the ‚ÄòU.K. Top 50 Employers for Women‚Äô for the tenth year, by @TheTimes newspaper recognizing employers who are leading the way in striving for workplace gender equality. Read more: https://t.co/rDBMFLPeuO #TimesTop50 https://t.co/mIr9EqGopO",22,2021-04-29 14:12:16
157,Our HBCU Scholars program aims to lift the barrier of higher education costs and set students of color on a path to financial independence. Congratulations to the exceptional group of @Morehouse freshmen in our inaugural cohort. Learn more:  https://t.co/9acwDbQrLr https://t.co/1GzpR6iUgI,51,2021-04-28 18:46:49
158,These are just a few of the ways we're making progress towards a more sustainable future. Discover more in our annual sustainability report: https://t.co/dNWvb4b3cJ https://t.co/Bs340FmBo5,10,2021-04-28 14:21:31
159,"In honor of #FinancialLiteracyMonth, Krystal Barker Buissereth, CFA, for Morgan Stanley at Work spoke with @KarenToulon of @Bloomberg‚Äôs ‚ÄúBlack in Focus‚Äù about employee #financialwellness during COVID-19. Watch now: https://t.co/RfOng5CSB1 https://t.co/fptZRnxiH0",13,2021-04-27 22:00:00
160,"Excess savings and better-than-expected consumer spending could help create a stronger recovery than the Fed seems to expect. Wealth Management Chief Investment Officer Lisa Shalett explains why.
https://t.co/eLLJiAq85Q",10,2021-04-27 21:00:00
161,Morgan Stanley Investment Management‚Äôs Head of Sustainable Investing Navindu Katugampola joins industry leaders at the @FinancialTimes #FTMoralMoney Summit today to discuss how businesses can prioritize ESG outcomes. @ftlive  https://t.co/sjYo5VsFGA https://t.co/dbaOtxtFML,9,2021-04-27 13:34:07
162,"Cybersecurity at our firm involves assessing billions of files and hundreds of millions of login events daily. For #WorldIPDay, we celebrate the members of our cyber team who have patented data science-centric AI solutions that help keep our business and clients safe! #MSTech https://t.co/am6uYhtr7O",14,2021-04-27 00:00:27
163,"Today is #WorldIPDay, but innovation happens every day at Morgan Stanley. This year, a team of Wealth Management technologists patented a tool to integrate a client's transaction data with a merchant‚Äôs emissions data to calculate the carbon footprint of daily consumer choices. https://t.co/QkfeOUBpmH",12,2021-04-26 23:47:21
164,"Conversations surrounding sustainability are at the forefront of the global agenda - and the boardroom is no exception. Join Audrey Choi, our CMO and Chief Sustainability Officer, April 27th at the @financialtimes Moral Money Summit: https://t.co/kZvBKzEwcJ #ftmoralmoney @ftlive https://t.co/IKHjJebN7Q",18,2021-04-26 21:26:16
165,"We have so much to celebrate for #WorldIPDay!  Powered by our in-house Patent Accelerator, we have seen patents filed across Morgan Stanley double in the past year. Congratulations to our innovators and inventors! https://t.co/sd8V1mrqCT",16,2021-04-26 19:27:59
166,PODCAST: Guests @JambeckResearch and @DavidEdwardsPHD help Chief Sustainability Officer Audrey Choi explore the breadth and depth (Mariana Trench deep!) of the global plastic waste problem‚Äîand how to find solutions. https://t.co/jEA6E1ndcP https://t.co/qS2WiKTaQO,14,2021-04-26 17:30:12
167,"Congratulations to everyone at Morgan Stanley named to the Barron's 2021 Top 100 Wealth Advisors and Barron‚Äôs 2021 Top 100 Private Wealth Management Teams rankings! We are proud to celebrate them and this recognition.
https://t.co/pEyf8fxgiY",5,2021-04-26 11:59:59
168,"Value stocks tend to outperform growth when economic growth is above average and inflation expectations are expanding. Morgan Stanley‚Äôs Lisa Shalett explains why now is such a time.
https://t.co/6jExNcyRVV",18,2021-04-25 19:00:00
169,"Do you ever feel like your budget, accounts or debt picture is in disarray? The new season brings a great opportunity to declutter your finances, just as you would with your closet. Find out how. 
https://t.co/ejd3nd1HA8",10,2021-04-25 16:29:52
170,".@DhaniJones explains the power of intention, the importance of choosing business partners strategically, and what it means to be a baller on the latest episode of Access and Opportunity with @CarlaAnnHarris. Listen now:  https://t.co/MZTZT1KvXO",12,2021-04-25 13:00:00
171,Here‚Äôs how companies are embracing sustainability as an opportunity to drive higher public-market valuations. https://t.co/XyZvIhTtQJ https://t.co/A7TReOe8eQ,16,2021-04-24 19:31:12
172,"We're celebrating @Waterkeeper! A team of Morgan Stanley employees is consulting with them as part of our 2021 Strategy Challenge to support their work ensuring communities around the world have access to drinkable, swimmable, fishable water. Learn more: https://t.co/Q7XMznC7Tt https://t.co/EkJnYQDiN5",18,2021-04-24 17:00:01
173,"Providing financial returns for clients and doing good for society don‚Äôt have to be mutually exclusive. Our Head of EMEA, Clare Woodman, will discuss this and more at the @financialtimes‚Äô Moral Money Summit on April 27th. #ftmoralmoney @ftlive https://t.co/3emGfO4CNO https://t.co/CbMDRgzqGy",16,2021-04-24 12:00:01
174,"Applications for our next cohort of the Multicultural Innovation Lab are open through next Tuesday, April 27th! Join a community of women and multicultural startup founders working to accelerate their businesses. Apply now: https://t.co/afoBdF4XZp #MCIL https://t.co/zaEHJrjzqI",9,2021-04-23 20:24:41
175,"Low carbon financing is just one of the ways that we promote sustainability at Morgan Stanley. Find out more about our progress, and the road we've charted forward, in our annual sustainability report: https://t.co/fxyC17ypKK https://t.co/8JnWh8FNI3",12,2021-04-23 18:44:36
176,Morgan Stanley Technology provides pro bono support for projects like @billionoyster which rebuilds oyster reefs in New York Harbor. A new cloud platform will help share real-time data from oyster stations with students and community scientists. #MSTech #MSGivesBack #oysterblitz https://t.co/DEXojfBGoY,29,2021-04-23 12:44:12
177,RT @ftlive: We are pleased to announce that Audrey Choi will be speaking at our upcoming #FTMoralMoney Digital Summit. View the full agenda‚Ä¶,0,2021-04-23 11:00:00
178,Decarbonization 101: A high quality equity portfolio can help investors seeking to reduce their carbon footprint. Our International Equity Team explains how. https://t.co/pe5CnSj6KN https://t.co/CKhsoVEzCJ,9,2021-04-22 21:04:34
179,"RT @TimesSquareNYC: NYC ‚ù§Ô∏è goats! @DanGarodnick, President of @RiversideParkNY, announced the return of NYC's most famous and beloved goats‚Ä¶",0,2021-04-22 21:00:08
180,"This #EarthDay, consider how you can make a difference. Our Director of Impact Investing explains the role #investors can play in combating the risks of climate change.
https://t.co/Ny7M0YwWgF",14,2021-04-22 19:00:02
181,"Green investment is on investors' minds this Earth Week: a look at key investment themes across carbon capture, plastics, and agri-food developments from Adam Virgadamo, US Equity Strategist, and Jessica Alsford, Global Head of Sustainability Research. https://t.co/ga6VROlRsI",8,2021-04-22 18:29:58
182,Can exemplary corporate behavior on ESG issues really translate into better financial results? Our Applied Equity Advisors team believes the answer is a resounding yes. Find out why. https://t.co/1fgxrND8BA https://t.co/AQcg41paMZ,8,2021-04-22 18:01:33
183,"Happy #EarthDay! Today we're releasing our annual sustainability report, where you can discover how we pursue ESG priorities like:
 ‚òÄÔ∏è climate change
üåá inclusive growth
‚ôªÔ∏è plastic waste reduction
Read the 2020 report here: https://t.co/1zqyTLuCZk https://t.co/ShvXTyOy4O",14,2021-04-22 15:42:04
184,‚ÄúA country‚Äôs sustainability performance should be evaluated in the context of their stage of development.‚Äù Our Global Fixed Income team explains their new Sovereign Sustainability Model. Learn more. https://t.co/AKubkjZJWw https://t.co/WMqRgKZOYC,2,2021-04-22 15:29:39
185,"‚ÄúSustainable investing is going mainstream across traditional and niche asset classes,‚Äù explains Emily Chew, Global Head of Sustainability for Investment Management. This #EarthDay, learn more about our approach: https://t.co/ABauF91e56 https://t.co/51TMcjuY6W",11,2021-04-22 12:29:59
186,"Addressing climate change will take commitments from all of us, explained @GreenMondayHK HK Founder and CEO, David Yeung during a virtual fireside chat with Tim Chan, Asia Sustainability Analyst at Morgan Stanley. https://t.co/pTQfSdfLAt #SustainabilityMonth https://t.co/CxCGHb3sqG",10,2021-04-22 01:07:22
187,"Last year, we were the first major US bank to commit to net zero financed emissions by 2050. Today we‚Äôre proud to be a founding member of the industry-led, UN-convened #NetZeroBanking Alliance. Read more: https://t.co/04u0BsEVEg @UNEP_FI @TheSMI #RacetoZero https://t.co/kN3uhJP8FM",17,2021-04-21 18:01:43
188,"In the 1970s, international expansion became a priority for Morgan Stanley. London‚Äôs burgeoning role as the financial capital of Europe made it a natural location to establish our first international headquarters 44 years ago today. Learn more: https://t.co/d9tNzT31QU https://t.co/Xt5Brfn5YQ",19,2021-04-20 13:00:29
189,"RT @RiseOfRest: .@KanarysInc, @RheaplyInc &amp; @zirtueme just raised #VC money, who's next? Join the discussion @joinClubhouse on Tuesday, 4/2‚Ä¶",0,2021-04-20 12:51:56
190,"Join us in congratulating @SeemaHingorani, a Managing Director for Morgan Stanley Investment Management and founder of @GirlsWhoInvest, for being awarded with the #LegionofHonor for her lifelong efforts to promote gender equality. @FranceinNYC Learn more: https://t.co/q9ZJkyqAAb https://t.co/z3fBQIn3Pv",26,2021-04-19 17:49:52
191,Explore opportunities to pursue your financial goals by investing in line with your values and philanthropic objectives. https://t.co/V6JwGc28P4,8,2021-04-19 15:44:51
192,"Alongside hands on skills training, professional development and coursework, our latest group of @YearUp interns met with past participants who now work full time at Morgan Stanley. Find out more about this program for underserved young adults: https://t.co/jDcdQujlRH https://t.co/ySG6L6Wzdr",15,2021-04-19 15:29:55
193,"The COVID-19 pandemic, insufficient investment from the private and public sectors, and the lack of an effective way to connect innovative ideas with capital, have deepened the crisis in children‚Äôs mental health. We're searching for solutions. https://t.co/Go25brjcSf https://t.co/mRlLqGOfFn",6,2021-04-17 19:00:02
194,"Teams of employees in the US and the UK are working pro bono to help charities like @FelixProjectUK better serve their communities in partnership with @PilotLight. Find out more: https://t.co/6FZLTowBo8
 #MSGivesBack https://t.co/m5TTtXkMVV",17,2021-04-17 17:17:38
195,"Chetan Ahya, our Chief Economist and Global Head of Economics, discusses his outlook for the economic recovery on @Bloomberg starting at 6:39: https://t.co/VnteRJeln8 https://t.co/FtTIfuVvqJ",15,2021-04-16 20:29:44
196,"In support of @TeenageCancer‚Äôs ‚ÄòHand to Hold‚Äô campaign, spring interns at Morgan Stanley will be sending out gift packages to teenagers currently undergoing treatment in London &amp; Glasgow hospitals. #MyMSSpring #MSGivesBack https://t.co/M1d9WHGEw8",13,2021-04-16 15:29:36
197,At 8:30 a.m. ET: Morgan Stanley 1Q21 investor call with CEO James Gorman &amp; CFO Jonathan Pruzan. Webcast: https://t.co/QMadCsVgzY https://t.co/zalhXQvytF,11,2021-04-16 12:23:29
198,"$MS 1Q21: Investment Management results reflect strong asset management fees on AUM of $1.4 trillion, which include the impact of the @EatonVance acquisition, along with strong positive net flows across all asset classes. https://t.co/5SLKh9Q4Qg",10,2021-04-16 11:50:18
199,"$MS 1Q21: Wealth Management delivered a pre-tax margin of 26.9% or 27.9% excl. integration-related expenses. Results reflect strong levels of client engagement, record net new assets &amp; fee-based flows of $105 billion &amp; $37 billion, respectively, and growth in bank lending.",13,2021-04-16 11:48:48
