,status,totalResults,articles
0,ok,16172,"{'source': {'id': None, 'name': 'New York Times'}, 'author': 'David Leonhardt', 'title': 'The Specter of Inflation', 'description': 'Is it haunting the U.S. economy?', 'url': 'https://www.nytimes.com/2021/06/17/briefing/inflation-us-economy-covid-pandemic.html', 'urlToImage': 'https://static01.nyt.com/images/2021/06/17/lens/17ambriefing-promo/17ambriefing-inflation-facebookJumbo-v2.jpg', 'publishedAt': '2021-06-17T10:30:22Z', 'content': 'With excess saving they can afford more of everything, Jason Furman, a Harvard economist and former Obama administration official, wrote this week.\r\nAlthough companies are increasing the supply of ma… [+2099 chars]'}"
1,ok,16172,"{'source': {'id': None, 'name': 'New York Times'}, 'author': 'Victoria Shannon and Lance Booth', 'title': 'California, N.C.A.A., Inflation: Your Monday Evening Briefing', 'description': 'Here’s what you need to know at the end of the day.', 'url': 'https://www.nytimes.com/2021/06/21/briefing/california-ncaa-inflation.html', 'urlToImage': 'https://static01.nyt.com/images/2021/06/21/us/politics/21evening-briefing-web-promo-new/21dc-scotus-ncaa-facebookJumbo.jpg', 'publishedAt': '2021-06-21T22:30:03Z', 'content': '10. And finally, figuring out how to be a super-ager.\r\nMaybe you know some people in their 80s or 90s who are still sharp as a tack, with brains that function as if they were 30 years younger.\r\nScien… [+844 chars]'}"
2,ok,16172,"{'source': {'id': None, 'name': 'New York Times'}, 'author': 'Whet Moser and David Poller', 'title': 'Inflation, Biden in Europe, Yugos: Your Thursday Evening Briefing', 'description': 'Here’s what you need to know at the end of the day.', 'url': 'https://www.nytimes.com/2021/06/10/briefing/inflation-biden-in-europe-yugos.html', 'urlToImage': 'https://static01.nyt.com/images/2021/06/10/multimedia/10PMbriefing-prices-promo/10PMbriefing-prices-facebookJumbo.jpg', 'publishedAt': '2021-06-10T22:05:51Z', 'content': '4. As the U.S. withdraws from Afghanistan, interpreters fear being left behind.\r\nA program to bring people employed by the American military to the U.S. is backlogged, with thousands of visa applican… [+481 chars]'}"
3,ok,16172,"{'source': {'id': None, 'name': 'New York Times'}, 'author': 'The New York Times', 'title': 'Here is where inflation stands as the Fed meets.', 'description': 'A jump in consumer prices is sure to come up at a news conference on Wednesday after the Federal Reserve’s meeting.', 'url': 'https://www.nytimes.com/live/2021/06/16/business/economy-stock-market-news', 'urlToImage': 'https://static01.nyt.com/images/2021/06/16/business/16economy-briefing-FedInflation/merlin_188586378_b7a0c048-2add-4403-b30c-357399ab4cea-facebookJumbo.jpg', 'publishedAt': '2021-06-16T10:21:32Z', 'content': 'A day after ousting two top executives, the electric truck start-up Lordstown Motors said on Tuesday that it was on track to start production in September even if it does not raise additional funding… [+3149 chars]'}"
4,ok,16172,"{'source': {'id': 'cnn', 'name': 'CNN'}, 'author': None, 'title': 'US consumer prices keep going up', 'description': ""Core inflation, excluding food and energy costs, rose at the fastest rate since 1992. CNN's Christine Romans breaks down the numbers."", 'url': 'https://www.cnn.com/videos/business/2021/06/10/may-consumer-price-inflation.cnnbusiness', 'urlToImage': 'https://cdn.cnn.com/cnnnext/dam/assets/210609161928-us-consumers-0607-super-tease.jpg', 'publishedAt': '2021-06-10T17:38:51Z', 'content': ''}"
5,ok,16172,"{'source': {'id': None, 'name': 'Stockmarket.com'}, 'author': 'Jonathan Phillip', 'title': 'Best Inflation Stocks To Buy This Week? 4 To Watch', 'description': 'As inflation measures skyrocket, these inflation stocks could continue to grow.', 'url': 'https://stockmarket.com/featured/inflation-stocks-to-buy-this-week-4-to-watch-2021-06-14', 'urlToImage': 'https://assets.entrepreneur.com/providers/stockmarket/hero-image-stockmarket-374518.jpeg', 'publishedAt': '2021-06-14T16:25:48Z', 'content': 'This story originally appeared on StockMarketAre These Good Inflation Stocks To Invest In Now?\r\nAs we start the current week of trading, inflation stocks appear to be on investors minds. For the unin… [+6832 chars]'}"
6,ok,16172,"{'source': {'id': 'reuters', 'name': 'Reuters'}, 'author': 'Reuters Staff', 'title': ""Brazil 2021 inflation forecasts rise further above cenbank's upper limit -survey - Reuters"", 'description': ""Forecasts for Brazil's growth and inflation in 2021 rose to new highs, a survey of economists showed on Monday, with inflation moving further above the upper limit of the central bank's target range for the year."", 'url': 'https://www.reuters.com/article/brazil-economy-survey-idUSL5N2NP35X', 'urlToImage': 'https://s1.reutersmedia.net/resources_v2/images/rcom-default.png?w=800', 'publishedAt': '2021-06-07T12:08:00Z', 'content': 'By Reuters Staff\r\nBRASILIA, June 7 (Reuters) - Forecasts for Brazils growth and inflation in 2021 rose to new highs, a survey of economists showed on Monday, with inflation moving further above the u… [+1066 chars]'}"
7,ok,16172,"{'source': {'id': 'reuters', 'name': 'Reuters'}, 'author': 'Anthony Esposito', 'title': ""Banxico says rate moves depend on how 'unprecedented' inflation shocks play out - Reuters"", 'description': 'Mexico is facing an ""unprecedented situation"" in terms of the shocks affecting inflation due to the COVID-19 pandemic and future interest rate moves will depend on the evolution of inflation, said Bank of Mexico Governor Alejandro Diaz de Leon.', 'url': 'https://www.reuters.com/article/mexico-economy-cenbank-idUSL2N2O70A1', 'urlToImage': 'https://s1.reutersmedia.net/resources_v2/images/rcom-default.png?w=800', 'publishedAt': '2021-06-25T11:02:00Z', 'content': 'MEXICO CITY, June 25 (Reuters) - Mexico is facing an unprecedented situation in terms of the shocks affecting inflation due to the COVID-19 pandemic and future interest rate moves will depend on the … [+1677 chars]'}"
8,ok,16172,"{'source': {'id': 'reuters', 'name': 'Reuters'}, 'author': 'Reuters Staff', 'title': ""Brazil's Campos Neto says policy credibility, anchoring inflation expectations is crucial - Reuters.com"", 'description': ""Brazil's central bank will do whatever it takes to meet its 2024 inflation goal of 3%, bank chief Roberto Campos Neto said on Friday, adding that anchoring inflation expectations and ensuring policy credibility is fundamental to the economy."", 'url': 'https://www.reuters.com/article/brazil-economy-cenbank-idUSS0N2NM00H', 'urlToImage': 'https://s1.reutersmedia.net/resources_v2/images/rcom-default.png?w=800', 'publishedAt': '2021-06-25T21:17:00Z', 'content': 'By Reuters Staff\r\nBRASILIA, June 25 (Reuters) - Brazils central bank will do whatever it takes to meet its 2024 inflation goal of 3%, bank chief Roberto Campos Neto said on Friday, adding that anchor… [+461 chars]'}"
9,ok,16172,"{'source': {'id': 'reuters', 'name': 'Reuters'}, 'author': 'Reuters', 'title': 'Yellen says inflation should be lower than current levels by year end - Reuters', 'description': 'U.S. Treasury Secretary Janet Yellen said on Wednesday that inflation should retreat by year end from its current elevated level as supply bottlenecks get worked out, adding she sees little evidence inflation expectations are becoming unanchored.', 'url': 'https://www.reuters.com/business/yellen-says-inflation-should-be-lower-than-current-levels-by-year-end-2021-06-23/', 'urlToImage': 'https://www.reuters.com/resizer/3k5sTZpyD6ij6jKWB66EX2sm99M=/1200x628/smart/filters:quality(80)/cloudfront-us-east-2.images.arcpublishing.com/reuters/OQUZ75RP5JIDZDRYSEHWDXUF7I.jpg', 'publishedAt': '2021-06-23T21:27:00Z', 'content': 'U.S. Treasury Secretary Janet Yellen testifies before the Senate Appropriations Subcommittee on Financial Services about the FY22 Treasury budget request on Capitol Hill, in Washington, DC, U.S., Jun… [+2630 chars]'}"
10,ok,16172,"{'source': {'id': 'reuters', 'name': 'Reuters'}, 'author': 'Reuters Staff', 'title': 'UPDATE 1-Ghana May consumer price inflation slows to 7.5% year-on-year - Reuters', 'description': ""Ghana's consumer price inflation was at 7.5% year-on-year in May, down from 8.5% in the previous month, due to an ongoing decline in food inflation, the West African nation's statistics service said on Wednesday."", 'url': 'https://www.reuters.com/article/ghana-economy-inflation-idUSL5N2NR2NU', 'urlToImage': 'https://s1.reutersmedia.net/resources_v2/images/rcom-default.png?w=800', 'publishedAt': '2021-06-09T10:49:00Z', 'content': 'By Reuters Staff\r\n(Adds details)\r\nACCRA, June 9 (Reuters) - Ghanas consumer price inflation was at 7.5% year-on-year in May, down from 8.5% in the previous month, due to an ongoing decline in food in… [+900 chars]'}"
11,ok,16172,"{'source': {'id': 'reuters', 'name': 'Reuters'}, 'author': 'Reuters', 'title': 'Chinese producer price pop pains policymakers - Reuters', 'description': 'The People’s Republic has an unusual inflation problem. A commodities rally , the fastest gain since 2008. Consumer inflation, on the other hand, rose a tepid 1.3%. Companies appear unable to pass higher costs onto their customers.', 'url': 'https://www.reuters.com/breakingviews/chinese-producer-price-pop-pains-policymakers-2021-06-09/', 'urlToImage': 'https://www.reuters.com/resizer/aWkXQgk-7qmQi7k1Sf0ANoq6orA=/1200x628/smart/filters:quality(80)/cloudfront-us-east-2.images.arcpublishing.com/reuters/HCCKL7RNOVI2FJ6DB72WWCJZBI.jpg', 'publishedAt': '2021-06-09T08:55:00Z', 'content': 'Employees work on a production line manufacturing metal parts for furniture at a factory in Hangzhou, Zhejiang province, China April 30, 2020. China Daily via REUTERS The Peoples Republic has an unus… [+1901 chars]'}"
12,ok,16172,"{'source': {'id': 'reuters', 'name': 'Reuters'}, 'author': 'Reuters', 'title': ""Fed's Kaplan sees 'upside risk' to inflation forecast - Reuters"", 'description': 'Federal Reserve Bank of Dallas President Robert Kaplan said on Thursday he sees ""upside risk"" to his forecast for 3.4% inflation this year and 2.4% inflation next year, as supply-demand imbalances may persist longer than anticipated.', 'url': 'https://www.reuters.com/business/feds-kaplan-sees-upside-risk-inflation-forecast-2021-06-24/', 'urlToImage': 'https://www.reuters.com/resizer/JjDB7JAFV8tNB4kc63tMyVGgWRk=/1200x628/smart/filters:quality(80)/cloudfront-us-east-2.images.arcpublishing.com/reuters/4P5PPHJZSZMMPJCRNKJAJXUDFI.jpg', 'publishedAt': '2021-06-24T17:27:00Z', 'content': ""Dallas Federal Reserve Bank President Robert Kaplan speaks during an interview in his office at the bank's headquarters in Dallas, Texas, U.S. January 9, 2020. REUTERS/ Ann Saphir/File PhotoJune 24 (… [+708 chars]""}"
13,ok,16172,"{'source': {'id': 'reuters', 'name': 'Reuters'}, 'author': 'Lucia Mutikani', 'title': 'U.S. consumer spending takes a breather in May - Reuters', 'description': ""U.S. consumer spending paused in May as shortages weighed on motor vehicle purchases, but the supply constraints and increased demand for services helped to boost inflation, with the Federal Reserve's main inflation measure posting its biggest annual increase…"", 'url': 'https://www.reuters.com/article/usa-economy-idUSL2N2O70ZE', 'urlToImage': 'https://s1.reutersmedia.net/resources_v2/images/rcom-default.png?w=800', 'publishedAt': '2021-06-25T14:02:00Z', 'content': '* Consumer spending unchanged in May; April revised up\r\n* Core PCE price index rises 0.5%; gains 3.4% year-on-year\r\n* Personal income decreases 2.0%: wages increase 0.8%\r\nWASHINGTON, June 25 (Reuters… [+4252 chars]'}"
14,ok,16172,"{'source': {'id': 'reuters', 'name': 'Reuters'}, 'author': 'Karen Brettell', 'title': 'Dollar steady after U.S. inflation data misses estimates - Reuters', 'description': 'The U.S. dollar ended unchanged on Friday, erasing an early drop after tamer-than-expected producer price inflation, with investors continuing to evaluate whether that the Federal Reserve will act sooner to snuff out inflation if it persists.', 'url': 'https://www.reuters.com/business/dollar-steady-after-us-inflation-data-misses-estimates-2021-06-25/', 'urlToImage': None, 'publishedAt': '2021-06-25T19:47:00Z', 'content': 'NEW YORK, June 25 (Reuters) - The U.S. dollar ended unchanged on Friday, erasing an early drop after tamer-than-expected producer price inflation, with investors continuing to evaluate whether that t… [+2874 chars]'}"
15,ok,16172,"{'source': {'id': 'reuters', 'name': 'Reuters'}, 'author': 'Reuters', 'title': 'Take Five: U.S. inflation, China trade and the ECB - Reuters', 'description': 'Take Five: U.S. inflation, China trade and the ECB\xa0\xa0Reuters', 'url': 'https://www.reuters.com/business/take-five/global-markets-themes-takealook-2021-06-04/', 'urlToImage': 'https://www.reuters.com/resizer/p5T324QZqhmbo2JaZtrcRRlg8Lk=/1200x628/smart/filters:quality(80)/cloudfront-us-east-2.images.arcpublishing.com/reuters/FHCHLHG5UBLL5HSE4TZBNKPOYE.jpg', 'publishedAt': '2021-06-04T08:17:00Z', 'content': ""Customers visit Macy's flagship store in New York City, New York, U.S., May 20, 2021. REUTERS/Eduardo Munoz/File photo1/ HIGH ALERT\r\nA critical view into inflation comes with Thursday's May U.S. cons… [+4124 chars]""}"
16,ok,16172,"{'source': {'id': 'reuters', 'name': 'Reuters'}, 'author': 'Tom Westbrook', 'title': 'Dollar teeters as inflation test looms - Reuters', 'description': ""The dollar clung to a small bounce on Wednesday as traders looked to upcoming U.S. inflation data and a European Central Bank (ECB) meeting to gauge the global recovery and policymakers' thinking."", 'url': 'https://www.reuters.com/world/china/dollar-teeters-inflation-test-looms-2021-06-09/', 'urlToImage': 'https://www.reuters.com/resizer/cQQaJ8Lg5pORIr9y5fwCFrXcZrY=/1200x628/smart/filters:quality(80)/cloudfront-us-east-2.images.arcpublishing.com/reuters/R34KRMZ2MZMFRDPSDP74AD65O4.jpg', 'publishedAt': '2021-06-09T01:44:00Z', 'content': ""The dollar clung to a small bounce on Wednesday as traders looked to upcoming U.S. inflation data and a European Central Bank (ECB) meeting to gauge the global recovery and policymakers' thinking.\r\nI… [+3761 chars]""}"
17,ok,16172,"{'source': {'id': 'reuters', 'name': 'Reuters'}, 'author': 'Marc Frank', 'title': ""Roaring inflation compounds Cubans' economic woes - Reuters"", 'description': 'Cubans woke up all last year wondering where they could find basic goods such as milk, pork, rice, beans, medicine or shampoo. These days, they also ask themselves: ""if I do, what on earth will it cost?""', 'url': 'https://www.reuters.com/world/americas/roaring-inflation-compounds-cubans-economic-woes-2021-06-16/', 'urlToImage': 'https://www.reuters.com/resizer/PRYeStM4WttX-YkgtiSETHq_gME=/800x419/smart/filters:quality(80)/cloudfront-us-east-2.images.arcpublishing.com/reuters/UYJTAFZIKZOJ5A5GPI6WGTBJOA.jpg', 'publishedAt': '2021-06-16T13:18:00Z', 'content': 'HAVANA, June 16 (Reuters) - Cubans woke up all last year wondering where they could find basic goods such as milk, pork, rice, beans, medicine or shampoo. These days, they also ask themselves: ""if I … [+3586 chars]'}"
18,ok,16172,"{'source': {'id': 'reuters', 'name': 'Reuters'}, 'author': 'Reuters Staff', 'title': 'Fed’s inflation-messaging dilemma worsens - Reuters', 'description': '(The authors are Reuters Breakingviews columnists. The opinions expressed are their own.)', 'url': 'https://www.reuters.com/article/us-global-finance-breakingviews-idUSKCN2DM1ZK', 'urlToImage': 'https://static.reuters.com/resources/r/?m=02&d=20210610&t=2&i=1565223902&r=LYNXNPEH590UJ&w=800', 'publishedAt': '2021-06-10T15:36:00Z', 'content': 'By Reuters Staff\r\n(The authors are Reuters Breakingviews columnists. The opinions expressed are their own.)\r\nChairman of the Federal Reserve Jerome Powell listens during a Senate Banking Committee he… [+1932 chars]'}"
19,ok,16172,"{'source': {'id': 'reuters', 'name': 'Reuters'}, 'author': 'Reuters', 'title': ""Fed's inflation-messaging dilemma worsens - Reuters"", 'description': 'Accelerating U.S. inflation is a communication, rather than an economic, problem for Federal Reserve Chair Jerome Powell . Consumer prices rose 5% in May from a year earlier, the highest annual rate since 2008, data showed on Thursday. Even the core rate, whi…', 'url': 'https://www.reuters.com/breakingviews/feds-inflation-messaging-dilemma-worsens-2021-06-10/', 'urlToImage': 'https://www.reuters.com/resizer/UuDwy0qImakjB5TjUTXc4DFF1_A=/1200x628/smart/filters:quality(80)/cloudfront-us-east-2.images.arcpublishing.com/reuters/DXSY6BZMTRNTLG5ZCA4SEDPFBY.jpg', 'publishedAt': '2021-06-10T15:36:00Z', 'content': 'Chairman of the Federal Reserve Jerome Powell listens during a Senate Banking Committee hearing on Capitol Hill in Washington, December 1, 2020. Susan Walsh/Pool via REUTERSAccelerating U.S. inflatio… [+1855 chars]'}"
20,ok,16172,"{'source': {'id': 'reuters', 'name': 'Reuters'}, 'author': 'Tom Westbrook', 'title': 'Dollar teeters as inflation test looms - Reuters', 'description': ""The dollar clung to its recent small bounce on Wednesday as traders looked to upcoming U.S. inflation data and a European Central Bank (ECB) meeting to gauge the pace of global recovery and policymakers' thinking about pulling back on stimulus."", 'url': 'https://www.reuters.com/business/dollar-teeters-inflation-test-looms-2021-06-09/', 'urlToImage': 'https://www.reuters.com/resizer/pSs7Gwkvj6CKYF-3pL7qGfjrq0k=/1200x628/smart/filters:quality(80)/cloudfront-us-east-2.images.arcpublishing.com/reuters/5UNBSHWFKVK6DMH47AM7JWST7A.jpg', 'publishedAt': '2021-06-09T05:16:00Z', 'content': 'A U.S. Dollar banknote is seen in this illustration taken May 26, 2020. REUTERS/Dado Ruvic/IllustrationThe dollar clung to its recent small bounce on Wednesday as traders looked to upcoming U.S. infl… [+3898 chars]'}"
21,ok,16172,"{'source': {'id': 'reuters', 'name': 'Reuters'}, 'author': 'Reuters', 'title': 'UK inflation expectations well-anchored - Sunak - Reuters', 'description': ""British finance minister Rishi Sunak said medium-term inflation expectations in Britain are well anchored at around the Bank of England's target of 2%."", 'url': 'https://www.reuters.com/world/uk/uk-inflation-expectations-well-anchored-sunak-2021-06-16/', 'urlToImage': 'https://www.reuters.com/resizer/N88g1rk8BO4Q1uTYkQSDJwZP8Kc=/800x419/smart/filters:quality(80)/cloudfront-us-east-2.images.arcpublishing.com/reuters/YULRJUXP4FJE3GKAAP465G7CZE.jpg', 'publishedAt': '2021-06-16T19:45:00Z', 'content': ""Britain's Chancellor of the Exchequer Rishi Sunak meets with U.S. Treasury Secretary Janet Yellen (not pictured), in London, Britain June 3, 2021. REUTERS/Hannah McKay/Pool/FilesLONDON, June 16 (Reut… [+702 chars]""}"
22,ok,16172,"{'source': {'id': 'reuters', 'name': 'Reuters'}, 'author': 'Reuters Staff', 'title': 'S.Korean stocks end lower, investors look to U.S. inflation data - Reuters', 'description': 'S.Korean stocks end lower, investors look to U.S. inflation data\xa0\xa0Reuters', 'url': 'https://www.reuters.com/article/southkorea-markets-close-idUSAZN21ZI00', 'urlToImage': 'https://s1.reutersmedia.net/resources_v2/images/rcom-default.png?w=800', 'publishedAt': '2021-06-08T07:18:00Z', 'content': 'By Reuters Staff\r\n* KOSPI falls, foreigners net sellers\r\n* Korean won weakens against U.S. dollar\r\n* South Korea benchmark bond yield falls\r\n* For the midday report, please click\r\nSEOUL, June 8 (Reut… [+1919 chars]'}"
23,ok,16172,"{'source': {'id': 'reuters', 'name': 'Reuters'}, 'author': 'Reuters Staff', 'title': 'S.Korean stocks end higher on foreign buying; U.S. inflation in focus - Reuters', 'description': 'S.Korean stocks end higher on foreign buying; U.S. inflation in focus\xa0\xa0Reuters', 'url': 'https://www.reuters.com/article/southkorea-markets-close-idUSAZN21ZK00', 'urlToImage': 'https://s1.reutersmedia.net/resources_v2/images/rcom-default.png?w=800', 'publishedAt': '2021-06-10T07:11:00Z', 'content': 'By Reuters Staff\r\n* KOSPI rises, foreigners net buyers\r\n* Korean won flat against U.S. dollar\r\n* South Korea benchmark bond yield falls\r\n* For the midday report, please click\r\nSEOUL, June 10 (Reuters… [+1804 chars]'}"
24,ok,16172,"{'source': {'id': 'reuters', 'name': 'Reuters'}, 'author': 'Reuters Staff', 'title': 'S.Korean stocks end nearly 1% lower on tech slump; U.S. inflation eyed - Reuters', 'description': 'S.Korean stocks end nearly 1% lower on tech slump; U.S. inflation eyed\xa0\xa0Reuters', 'url': 'https://www.reuters.com/article/southkorea-markets-close-idUSAZN21ZJ00', 'urlToImage': 'https://s1.reutersmedia.net/resources_v2/images/rcom-default.png?w=800', 'publishedAt': '2021-06-09T07:09:00Z', 'content': 'By Reuters Staff\r\n* KOSPI falls, foreigners net sellers\r\n* Korean won weakens against U.S. dollar\r\n* South Korean benchmark bond yield falls\r\n* For the midday report, please click\r\nSEOUL, June 9 (Reu… [+1709 chars]'}"
25,ok,16172,"{'source': {'id': 'reuters', 'name': 'Reuters'}, 'author': 'Dhara Ranasinghe', 'title': 'Euro zone bond yields drift higher ahead of flash inflation numbers - Reuters', 'description': 'Euro zone bond yields drift higher ahead of flash inflation numbers\xa0\xa0Reuters', 'url': 'https://www.reuters.com/article/eurozone-bonds-idUSL5N2NJ1CU', 'urlToImage': 'https://s1.reutersmedia.net/resources_v2/images/rcom-default.png?w=800', 'publishedAt': '2021-06-01T07:13:00Z', 'content': '* Euro zone periphery govt bond yields tmsnrt.rs/2ii2Bqr\r\nLONDON, June 1 (Reuters) - Euro zone bond yields drifted higher on Tuesday ahead of a flash reading of inflation in the currency bloc that co… [+1786 chars]'}"
26,ok,16172,"{'source': {'id': 'reuters', 'name': 'Reuters'}, 'author': 'Lewis Krauskopf, Medha Singh, Shashank Nayar', 'title': 'US STOCKS-Tech drives Wall Street higher as jobs report calms inflation fears - Reuters', 'description': 'US STOCKS-Tech drives Wall Street higher as jobs report calms inflation fears\xa0\xa0Reuters', 'url': 'https://www.reuters.com/article/usa-stocks-idUSL2N2NM20Q', 'urlToImage': 'https://s1.reutersmedia.net/resources_v2/images/rcom-default.png?w=800', 'publishedAt': '2021-06-04T20:01:00Z', 'content': '(For a Reuters live blog on U.S., UK and European stock markets, click LIVE/ or type LIVE/ in a news window.)\r\n* Nonfarm payrolls increase 559,000 in May, below estimates\r\n* Tech jumps, financials la… [+2150 chars]'}"
27,ok,16172,"{'source': {'id': 'reuters', 'name': 'Reuters'}, 'author': 'Reuters Staff', 'title': 'Take Five: U.S. inflation, China trade and the ECB - Reuters', 'description': ""A critical view into inflation comes with Thursday's May U.S. consumer price index."", 'url': 'https://www.reuters.com/article/global-markets-themes-idUSKCN2DG0QA', 'urlToImage': 'https://static.reuters.com/resources/r/?m=02&d=20210604&t=2&i=1564470981&r=LYNXNPEH530BN&w=800', 'publishedAt': '2021-06-04T08:22:00Z', 'content': ""By Reuters Staff\r\n1/ HIGH ALERT\r\nFILE PHOTO: Customers visit Macy's flagship store in New York City, New York, U.S., May 20, 2021. REUTERS/Eduardo Munoz/File photo\r\nA critical view into inflation com… [+4467 chars]""}"
28,ok,16172,"{'source': {'id': 'reuters', 'name': 'Reuters'}, 'author': 'Nakul Iyer', 'title': 'PRECIOUS-Gold treads water ahead of Fed policy statement - Reuters', 'description': ""* Fed may remain accommodative over next year, analyst says (Updates prices, adds Yelen's comment on inflation)"", 'url': 'https://www.reuters.com/article/global-precious-idUSL2N2NY1SI', 'urlToImage': 'https://s1.reutersmedia.net/resources_v2/images/rcom-default.png?w=800', 'publishedAt': '2021-06-16T16:30:00Z', 'content': '* Feds policy statement due at 2 p.m. EDT (1800 GMT)\r\n* Fed may remain accommodative over next year, analyst says (Updates prices, adds Yelens comment on inflation)\r\nJune 16 (Reuters) - Gold prices t… [+1776 chars]'}"
29,ok,16172,"{'source': {'id': 'reuters', 'name': 'Reuters'}, 'author': 'Elizabeth Howcroft', 'title': 'UPDATE 1-Euro zone government bonds steady as inflation expectations hit three month low - Reuters', 'description': 'UPDATE 1-Euro zone government bonds steady as inflation expectations hit three month low\xa0\xa0Reuters', 'url': 'https://www.reuters.com/article/eurozone-bonds-idUSL2N2O30SC', 'urlToImage': 'https://s1.reutersmedia.net/resources_v2/images/rcom-default.png?w=800', 'publishedAt': '2021-06-21T12:24:00Z', 'content': '* Euro zone periphery govt bond yields tmsnrt.rs/2ii2Bqr (Updates throughout)\r\nLONDON, June 21 (Reuters) - Euro zone government bond yields were broadly steady on Monday, rising by less than one basi… [+2449 chars]'}"
30,ok,16172,"{'source': {'id': 'reuters', 'name': 'Reuters'}, 'author': 'David Milliken', 'title': 'PREVIEW-Bank of England set to stay split on QE after inflation jump - Reuters', 'description': 'PREVIEW-Bank of England set to stay split on QE after inflation jump\xa0\xa0Reuters', 'url': 'https://www.reuters.com/article/britain-boe-idUSL5N2O03IF', 'urlToImage': 'https://s1.reutersmedia.net/resources_v2/images/rcom-default.png?w=800', 'publishedAt': '2021-06-21T05:04:00Z', 'content': '* BoE set to keep rates at record-low 0.1% in June 24 decision\r\n* Haldane likely to call again for early end to bond purchases\r\n* Inflation exceeds 2% target, BoE sees pressure as transient\r\nLONDON, … [+3458 chars]'}"
31,ok,16172,"{'source': {'id': 'reuters', 'name': 'Reuters'}, 'author': 'Michael Nienaber', 'title': ""UPDATE 1-Germany backs central banks' view that inflation jump is temporary, Scholz says - Reuters"", 'description': ""UPDATE 1-Germany backs central banks' view that inflation jump is temporary, Scholz says\xa0\xa0Reuters"", 'url': 'https://www.reuters.com/article/germany-scholz-inflation-idUSL5N2NK47M', 'urlToImage': 'https://s1.reutersmedia.net/resources_v2/images/rcom-default.png?w=800', 'publishedAt': '2021-06-02T15:34:00Z', 'content': '* Scholz looking closely at inflation\r\n* But sees much to suggest cenbanks assessment is correct\r\n* Says economy could grow faster than currently forecast (Adds details on inflation)\r\nBERLIN, June 2 … [+2267 chars]'}"
32,ok,16172,"{'source': {'id': 'reuters', 'name': 'Reuters'}, 'author': 'Reuters Staff', 'title': 'China shares rise as coal firms gain on factory-gate inflation data - Reuters', 'description': 'China shares rise as coal firms gain on factory-gate inflation data\xa0\xa0Reuters', 'url': 'https://www.reuters.com/article/china-stocks-midday-idUSL2N2NR08S', 'urlToImage': 'https://s1.reutersmedia.net/resources_v2/images/rcom-default.png?w=800', 'publishedAt': '2021-06-09T04:54:00Z', 'content': 'By Reuters Staff\r\n* China May PPI +9% y/y, fastest pace in over 12 years\r\n* U.S. Senate passes sweeping bill to address China tech threat\r\nBEIJING, June 9 (Reuters) - China shares rose on Wednesday, … [+1878 chars]'}"
33,ok,16172,"{'source': {'id': 'reuters', 'name': 'Reuters'}, 'author': 'Brijesh Patel', 'title': 'PRECIOUS-Gold scales near 5-month peak on weaker dollar, inflation worries - Reuters', 'description': 'PRECIOUS-Gold scales near 5-month peak on weaker dollar, inflation worries\xa0\xa0Reuters', 'url': 'https://www.reuters.com/article/global-precious-idUSL2N2NJ034', 'urlToImage': 'https://s1.reutersmedia.net/resources_v2/images/rcom-default.png?w=800', 'publishedAt': '2021-06-01T03:18:00Z', 'content': '* Focus on U.S. payrolls data on Friday\r\n* China factory growth picks up in May - survey\r\n* Silver hits two-week high (Recasts, adds comments, updates prices)\r\nJune 1 (Reuters) - Gold prices rose to … [+1854 chars]'}"
34,ok,16172,"{'source': {'id': 'reuters', 'name': 'Reuters'}, 'author': 'Reuters Staff', 'title': 'S.Korean stocks extend gains for fourth week as inflation fears ease - Reuters', 'description': 'S.Korean stocks extend gains for fourth week as inflation fears ease\xa0\xa0Reuters', 'url': 'https://www.reuters.com/article/southkorea-markets-close-idUSAZN21ZL00', 'urlToImage': 'https://s1.reutersmedia.net/resources_v2/images/rcom-default.png?w=800', 'publishedAt': '2021-06-11T06:48:00Z', 'content': 'By Reuters Staff\r\n* KOSPI rises, foreigners net buyers\r\n* Korean won strengthens against U.S. dollar\r\n* South Korea benchmark bond yield rises\r\n* For the midday report, please click\r\nSEOUL, June 11 (… [+1902 chars]'}"
35,ok,16172,"{'source': {'id': 'reuters', 'name': 'Reuters'}, 'author': 'Harish Sridharan', 'title': 'Australia shares rise for fourth week as U.S. inflation worries cool - Reuters', 'description': 'Australia shares rise for fourth week as U.S. inflation worries cool\xa0\xa0Reuters', 'url': 'https://www.reuters.com/article/australia-stocks-close-idUSL3N2NT1CA', 'urlToImage': 'https://s1.reutersmedia.net/resources_v2/images/rcom-default.png?w=800', 'publishedAt': '2021-06-11T06:46:00Z', 'content': '* Gold stocks top gainers on ASX 200\r\n* Afterpay closes at over one-month high\r\n* ASX200 marks fourth straight week of gains (Updates to close)\r\nJune 11 (Reuters) - Australian shares ended at a recor… [+1866 chars]'}"
36,ok,16172,"{'source': {'id': 'reuters', 'name': 'Reuters'}, 'author': 'Saqib Iqbal Ahmed, Julien Ponthus', 'title': 'Dollar edges higher after U.S. inflation data as traders await Fed meet - Reuters', 'description': 'Dollar edges higher after U.S. inflation data as traders await Fed meet\xa0\xa0Reuters', 'url': 'https://www.reuters.com/article/global-forex-idUSL2N2NX2BE', 'urlToImage': 'https://s1.reutersmedia.net/resources_v2/images/rcom-default.png?w=800', 'publishedAt': '2021-06-15T20:14:00Z', 'content': '* Traders watching for clues on timing of Fed tapering\r\n* Bitcoin hovers around $40,000 level (Updates to U.S. afternoon)\r\nNEW YORK, June 15 (Reuters) - The dollar rose to a one-month high against a … [+2608 chars]'}"
37,ok,16172,"{'source': {'id': 'reuters', 'name': 'Reuters'}, 'author': 'Susan Mathew', 'title': 'EMERGING MARKETS-Shares cheer dovish Powell; S.African rand up on inflation surge - Reuters', 'description': 'EMERGING MARKETS-Shares cheer dovish Powell; S.African rand up on inflation surge\xa0\xa0Reuters', 'url': 'https://www.reuters.com/article/emerging-markets-idUSL2N2O50II', 'urlToImage': 'https://s1.reutersmedia.net/resources_v2/images/rcom-default.png?w=800', 'publishedAt': '2021-06-23T09:50:00Z', 'content': '* MSCI EM shares index set for best session in three weeks\r\n* Rate hike in S.Africa possible either in Sept or Nov - analyst\r\nJune 23 (Reuters) - Emerging markets stocks jumped 1% on Wednesday after … [+2520 chars]'}"
38,ok,16172,"{'source': {'id': 'reuters', 'name': 'Reuters'}, 'author': 'Swati Verma', 'title': 'PRECIOUS-Gold set for weekly gain as inflation data calms Fed taper fears - Reuters', 'description': 'PRECIOUS-Gold set for weekly gain as inflation data calms Fed taper fears\xa0\xa0Reuters', 'url': 'https://www.reuters.com/article/global-precious-idUSL3N2O73AG', 'urlToImage': 'https://s1.reutersmedia.net/resources_v2/images/rcom-default.png?w=800', 'publishedAt': '2021-06-25T17:32:00Z', 'content': '* Technicals suggest downside selling pressure for gold- analyst\r\n* Palladium, platinum head for best week since mid-March (Updates prices)\r\nJune 25 (Reuters) - Gold edged higher on Friday after stag… [+2045 chars]'}"
39,ok,16172,"{'source': {'id': 'reuters', 'name': 'Reuters'}, 'author': 'Swati Verma', 'title': 'PRECIOUS-Gold firms as inflation data assuages Fed tapering fears - Reuters', 'description': 'PRECIOUS-Gold firms as inflation data assuages Fed tapering fears\xa0\xa0Reuters', 'url': 'https://www.reuters.com/article/global-precious-idUSL3N2O72FY', 'urlToImage': 'https://s1.reutersmedia.net/resources_v2/images/rcom-default.png?w=800', 'publishedAt': '2021-06-25T15:17:00Z', 'content': '* Technicals suggest downside selling pressure for gold- analyst\r\n* Palladium, platinum head for best week since mid-March (New throughout, updates prices, market activity and comments)\r\nJune 25 (Reu… [+1928 chars]'}"
40,ok,16172,"{'source': {'id': 'reuters', 'name': 'Reuters'}, 'author': 'Yoruk Bahceli', 'title': 'Euro zone bond yields steady ahead of U.S. inflation data - Reuters', 'description': 'Euro zone bond yields steady ahead of U.S. inflation data\xa0\xa0Reuters', 'url': 'https://www.reuters.com/article/eurozone-bonds-idUSL5N2O712H', 'urlToImage': 'https://s1.reutersmedia.net/resources_v2/images/rcom-default.png?w=800', 'publishedAt': '2021-06-25T07:32:00Z', 'content': '* Euro zone periphery govt bond yields tmsnrt.rs/2ii2Bqr\r\nJune 25 (Reuters) - Euro zone bond yields steadied on Friday ahead of U.S. inflation data which will give the latest steer on price pressures… [+1922 chars]'}"
41,ok,16172,"{'source': {'id': None, 'name': 'Kitco NEWS'}, 'author': 'http://www.facebook.com/kitconews', 'title': 'Can you be a gold bear with inflation at 5%? - Kitco NEWS', 'description': ""<ol><li>Can you be a gold bear with inflation at 5%?\xa0\xa0Kitco NEWS\r\n</li><li>Powell gets Wall Street buying view that inflation won't last\xa0\xa0BNN\r\n</li><li>Gold Heads for Weekly Loss as Dollar and Yields Rebound\xa0\xa0Yahoo Canada Finance\r\n</li><li>Is Gold Really an I…"", 'url': 'https://www.kitco.com/news/2021-06-11/Can-you-be-a-gold-bear-with-inflation-at-5.html', 'urlToImage': 'https://www.kitco.com/news/2021-06-11/images/Signup_T.gif', 'publishedAt': '2021-06-11T20:10:00Z', 'content': ""Editor's Note: With so much market volatility, stay on top of daily news! Get caught up in minutes with our speedy summary of today's must-read news and expert opinions. Sign up here! \r\n(Kitco News) … [+2924 chars]""}"
42,ok,16172,"{'source': {'id': None, 'name': 'Global News'}, 'author': 'Staff', 'title': 'Canada’s inflation rate climbs 3.6% in May, largest yearly increase since 2011 - Global News', 'description': ""<ol><li>Canada’s inflation rate climbs 3.6% in May, largest yearly increase since 2011\xa0\xa0Global News\r\n</li><li>Canada's inflation rate rises to highest level in a decade, at 3.6%\xa0\xa0CBC.ca\r\n</li><li>Canada's annual inflation rate accelerates at highest pace in a…"", 'url': 'https://globalnews.ca/news/7954290/canada-inflation-may/', 'urlToImage': 'https://globalnews.ca/wp-content/uploads/2020/07/jfj50374479-1.jpg?quality=85&strip=all&w=720&h=379&crop=1', 'publishedAt': '2021-06-16T12:54:43Z', 'content': 'Statistics Canada says the consumer price index in May was up 3.6 per cent compared with a year ago, its largest yearly increase since May 2011.\r\nThe reading for May compared with a year-over-year ga… [+1006 chars]'}"
43,ok,16172,"{'source': {'id': None, 'name': 'BNNBloomberg.ca'}, 'author': 'Bloomberg News', 'title': 'Gain in US CPI exceeds forecasts, fuels inflation concern - BNN', 'description': '<ol><li>Gain in US CPI exceeds forecasts, fuels inflation concern\xa0\xa0BNN\r\n</li><li>Inflation spike shows U.S. consumer appetite bumping up against shortages\xa0\xa0CBC.ca\r\n</li><li>CPI Rises at Fastest Since 2009, Fanning Fears of U.S. Inflation\xa0\xa0Yahoo Canada Finance…', 'url': 'http://ampvideo.bnnbloomberg.ca/gain-in-u-s-cpi-exceeds-forecasts-fuels-inflation-concern-1.1615225', 'urlToImage': 'http://ampvideo.bnnbloomberg.ca/polopoly_fs/1.1615226!/fileimage/httpImage/image.jpg_gen/derivatives/landscape_620/shoppers-wearing-protective-masks-browse-at-an-amoeba-music-store-in-los-angeles-photographer-roger-kisby-bloomberg.jpg', 'publishedAt': '2021-06-10T12:35:24Z', 'content': 'Prices paid by U.S. consumers rose in May by more than forecast, extending a months-long buildup in inflation that risks becoming more established as the economy strengthens.\r\nThe consumer price inde… [+5102 chars]'}"
44,ok,16172,"{'source': {'id': 'reuters', 'name': 'Reuters'}, 'author': 'Reuters Staff', 'title': 'EMERGING MARKETS-Asian currencies edge higher ahead of U.S. inflation data - Reuters', 'description': ""* U.S. inflation data expected later on Thursday, seen +0.4% m/m * China, Indonesia stocks outperform with 0.8% rise June 10 (Reuters) - Asia's emerging market currencies edged up on Thursday as investors awaited a key U.S. inflation report later that could p…"", 'url': 'https://www.reuters.com/article/emerging-markets-asia-idUSL3N2NS0UE', 'urlToImage': 'https://s1.reutersmedia.net/resources_v2/images/rcom-default.png?w=800', 'publishedAt': '2021-06-10T04:50:00Z', 'content': ""By Reuters Staff\r\n* U.S. inflation data expected later on Thursday, seen +0.4%\r\nm/m\r\n * China, Indonesia stocks outperform with 0.8% rise\r\nJune 10 (Reuters) - Asia's emerging market currencies edged\r… [+3298 chars]""}"
45,ok,16172,"{'source': {'id': 'reuters', 'name': 'Reuters'}, 'author': 'Reuters', 'title': 'Food price spike looks like recipe for trouble - Reuters', 'description': 'Emerging markets struggling to get hold of Covid-19 vaccines may be in for another kick in the guts: food inflation. The United Nations’ Food and Agriculture Organization (FAO) said on Thursday  that its global food price index hit its highest level since Sep…', 'url': 'https://www.reuters.com/breakingviews/food-price-spike-looks-like-recipe-trouble-2021-06-03/', 'urlToImage': 'https://www.reuters.com/resizer/MV2-xPVV5J2JSv-5Bc6khXoZfxs=/1200x628/smart/filters:quality(80)/cloudfront-us-east-2.images.arcpublishing.com/reuters/GGAFJ2NE2BK4VAXYQ4E763TVLI.jpg', 'publishedAt': '2021-06-03T14:52:00Z', 'content': 'A farmer harvests corn in Woodburn, Indiana, U.S., October 16, 2020. REUTERS/Bing GuanEmerging markets struggling to get hold of Covid-19 vaccines may be in for another kick in the guts: food inflati… [+1786 chars]'}"
46,ok,16172,"{'source': {'id': 'reuters', 'name': 'Reuters'}, 'author': 'Tom Westbrook', 'title': 'FOREX-Dollar teeters as inflation test looms - Reuters.com', 'description': '* Rangebound trade ahead of inflation and ECB * DXY at 90.090, EUR/USD holding below $1.22 * Dollar seen vulnerable to inflation surprises on either side * Graphic: World FX rates https://tmsnrt.rs/2RBWI5E By Tom Westbrook SINGAPORE, June 9 (Reuters) - The do…', 'url': 'https://www.reuters.com/article/global-forex-idUSL2N2NR09E', 'urlToImage': 'https://s1.reutersmedia.net/resources_v2/images/rcom-default.png?w=800', 'publishedAt': '2021-06-09T05:09:00Z', 'content': '* Rangebound trade ahead of inflation and ECB\r\n * DXY at 90.090, EUR/USD holding below $1.22\r\n * Dollar seen vulnerable to inflation surprises on either\r\nside\r\n * Graphic: World FX rates tmsnrt.rs/2R… [+4687 chars]'}"
47,ok,16172,"{'source': {'id': 'reuters', 'name': 'Reuters'}, 'author': 'Reuters Staff', 'title': 'Polish net inflation at 4.0% y/y in May, above forecast - c.bank - Reuters', 'description': 'The following is a table of Polish annual net inflation indices for May, published by the central bank on Wednesday. Analysts polled by Reuters had expected May net inflation - excluding food and energy prices - of 3.95% year-on-year. (% y/y) May April net CP…', 'url': 'https://www.reuters.com/article/poland-economy-inflation-idUSS8N2N80D5', 'urlToImage': 'https://s1.reutersmedia.net/resources_v2/images/rcom-default.png?w=800', 'publishedAt': '2021-06-16T12:01:00Z', 'content': 'By Reuters Staff\r\nJune 16 (Reuters) - The following is a table of Polish\r\nannual net inflation indices for May, published by the central\r\nbank on Wednesday.\r\nAnalysts polled by Reuters had expected M… [+327 chars]'}"
48,ok,16172,"{'source': {'id': 'reuters', 'name': 'Reuters'}, 'author': 'Reuters Staff', 'title': 'Brazil 2021 inflation, GDP and interest rate forecasts surge to new highs -survey - Reuters', 'description': 'Forecasts for Brazilian growth, inflation and interest rates in 2021 hit new highs, a survey of economists showed on Monday, with the central bank now seen tightening policy much faster as inflation sails above the upper limit of its target range.', 'url': 'https://www.reuters.com/article/brazil-economy-survey-idUSL2N2NW0N5', 'urlToImage': 'https://s1.reutersmedia.net/resources_v2/images/rcom-default.png?w=800', 'publishedAt': '2021-06-14T12:09:00Z', 'content': 'By Reuters Staff\r\nBRASILIA, June 14 (Reuters) - Forecasts for Brazilian growth, inflation and interest rates in 2021 hit new highs, a survey of economists showed on Monday, with the central bank now … [+1506 chars]'}"
49,ok,16172,"{'source': {'id': 'reuters', 'name': 'Reuters'}, 'author': 'Swati Bhat', 'title': 'India MPC needs to be watchful on inflation even as it picks growth -minutes - Reuters India', 'description': ""India's monetary policy committee must be watchful of inflation expectations getting entrenched if prices remain elevated for too long, as it could undermine its hard-earned credibility in efficient inflation targeting, MPC member Jayant Varma wrote in the Ju…"", 'url': 'https://www.reuters.com/world/india/india-mpc-needs-be-watchful-inflation-even-it-picks-growth-minutes-2021-06-18/', 'urlToImage': 'https://www.reuters.com/resizer/0wktjJAMpPWw0SglRLEa65cfBUM=/800x419/smart/filters:quality(80)/cloudfront-us-east-2.images.arcpublishing.com/reuters/KGHPWMYBK5L4FMQPXOR66D3MLE.jpg', 'publishedAt': '2021-06-18T12:39:00Z', 'content': 'People walk at a crowded market amidst the spread of the coronavirus disease (COVID-19), in the old quarters of Delhi, India, April 6, 2021. REUTERS/Anushree FadnavisMUMBAI, June 18 (Reuters) - India… [+2618 chars]'}"
50,ok,16172,"{'source': {'id': 'reuters', 'name': 'Reuters'}, 'author': 'Reuters', 'title': 'Bank of England sees inflation peaking at over 3% before falling back - Reuters UK', 'description': 'The Bank of England increased its forecast for inflation to rise further above its 2% target, saying it was now likely to peak above 3% but that would only be for a ""temporary period"" and it would keep a close eye on medium-term inflation expectations.', 'url': 'https://www.reuters.com/world/uk/bank-england-sees-inflation-peaking-over-3-before-falling-back-2021-06-24/', 'urlToImage': 'https://www.reuters.com/resizer/K0gWok0s6FM32BI5Z_7iF_9VZVA=/1200x628/smart/filters:quality(80)/cloudfront-us-east-2.images.arcpublishing.com/reuters/P7VZCIBCPZM7VONICIUTCEYWUQ.jpg', 'publishedAt': '2021-06-24T11:26:00Z', 'content': 'A general view shows The Bank of England in the City of London financial district in London, Britain, November 5, 2020. REUTERS/John Sibley/File Photo/File PhotoLONDON, June 24 (Reuters) - The Bank o… [+1707 chars]'}"
51,ok,16172,"{'source': {'id': 'reuters', 'name': 'Reuters'}, 'author': 'Reuters', 'title': ""Fed's Quarles says supply chain imbalances boosting inflation are transitory - Reuters"", 'description': 'The supply chain imbalances and higher demand currently leading to higher inflation are transitory and the U.S. Federal Reserve has the tools to respond if inflation remains elevated for longer than anticipated, Fed Vice Chair for Supervision Randal Quarles s…', 'url': 'https://www.reuters.com/business/feds-quarles-says-supply-chain-imbalances-boosting-inflation-are-transitory-2021-06-28/', 'urlToImage': 'https://www.reuters.com/resizer/FWo9zEgprjj8BGjUZFKmrQ2YYHc=/1200x628/smart/filters:quality(80)/cloudfront-us-east-2.images.arcpublishing.com/reuters/UVED5Y7ATNMILOH3WFLCMRRR4A.jpg', 'publishedAt': '2021-06-28T18:05:00Z', 'content': 'Federal Reserve Vice Chair for Supervision Randal Quarles addresses the Economic Club of New York in New York City, U.S., October 18, 2018. REUTERS/Brendan McDermid/File PhotoJune 28 (Reuters) - The … [+769 chars]'}"
52,ok,16172,"{'source': {'id': 'reuters', 'name': 'Reuters'}, 'author': 'Reuters Staff', 'title': 'Pakistan CPI inflation rate at 10.87% y/y in May - statistics bureau - Reuters', 'description': ""Pakistan's annual inflation rate slightly eased to 10.87% year-on-year in May, its statistics bureau said on Tuesday."", 'url': 'https://www.reuters.com/article/pakistan-inflation-idUSL3N2NJ1XO', 'urlToImage': 'https://s1.reutersmedia.net/resources_v2/images/rcom-default.png?w=800', 'publishedAt': '2021-06-01T07:33:00Z', 'content': 'By Reuters Staff\r\nISLAMABAD, June 1 (Reuters) - Pakistans annual inflation rate slightly eased to 10.87% year-on-year in May, its statistics bureau said on Tuesday.\r\nThat compared with an annual cons… [+364 chars]'}"
53,ok,16172,"{'source': {'id': 'reuters', 'name': 'Reuters'}, 'author': 'Reuters', 'title': ""India's May retail inflation accelerates to 6.3%, highest in six months - Reuters"", 'description': ""India's retail inflation (INCPIY=ECI) accelerated to 6.3% in May from a year ago, government data released on Monday showed."", 'url': 'https://www.reuters.com/world/india/indias-may-retail-inflation-accelerates-63-highest-six-months-2021-06-14/', 'urlToImage': None, 'publishedAt': '2021-06-14T13:06:00Z', 'content': ""India's retail inflation (INCPIY=ECI) accelerated to 6.3% in May from a year ago, government data released on Monday showed.\r\nAnalysts in a Reuters poll had predicted annual inflation at 5.3% for the… [+6135 chars]""}"
54,ok,16172,"{'source': {'id': 'reuters', 'name': 'Reuters'}, 'author': 'Reuters Staff', 'title': ""INSTANT VIEW -India's May inflation accelerates to 6.30% y/y - Reuters"", 'description': ""India's retail inflation accelerated to 6.30% in May from a year ago, government data released on Monday showed."", 'url': 'https://www.reuters.com/article/india-economy-inflation-idUSL3N2NW0TK', 'urlToImage': 'https://s1.reutersmedia.net/resources_v2/images/rcom-default.png?w=800', 'publishedAt': '2021-06-14T12:29:00Z', 'content': 'By Reuters Staff\r\nBENGALURU, June 14 (Reuters) - Indias retail inflation accelerated to 6.30% in May from a year ago, government data released on Monday showed.\r\nAnalysts in a Reuters poll had predic… [+1382 chars]'}"
55,ok,16172,"{'source': {'id': 'reuters', 'name': 'Reuters'}, 'author': 'David Randall', 'title': 'ANALYSIS-Transitory or here-to-stay? Investors try to read the inflation clues - Reuters', 'description': 'From lumber prices to wages and inventories: Reading the clues around inflation has turned into an investor obsession.', 'url': 'https://www.reuters.com/article/us-usa-funds-inflation-analysis-idUSKCN2DR1SR', 'urlToImage': 'https://static.reuters.com/resources/r/?m=02&d=20210615&t=2&i=1565775358&r=LYNXNPEH5E0V0&w=800', 'publishedAt': '2021-06-15T15:24:00Z', 'content': 'NEW YORK (Reuters) - From lumber prices to wages and inventories: Reading the clues around inflation has turned into an investor obsession.\r\nFILE PHOTO: Federal Reserve Board building is pictured in … [+4901 chars]'}"
56,ok,16172,"{'source': {'id': None, 'name': 'Theepochtimes.com'}, 'author': 'The Epoch Times', 'title': 'Rising Prices and Investments: A Close Look at How Retirement Accounts Can Be Impacted During Periods of Inflation', 'description': 'With inflation increasing by 5 percent from May 2020 to May 2021, it can be helpful to understand how inflation works, along with its impact on long term savings.', 'url': 'https://www.theepochtimes.com/rising-prices-and-investments-a-close-look-at-how-retirement-accounts-can-be-impacted-during-periods-of-inflation_3857696.html', 'urlToImage': 'https://assets.entrepreneur.com/content/3x2/2000/1623945765-GettyImages-1279138360.jpg', 'publishedAt': '2021-06-17T16:03:00Z', 'content': 'This story originally appeared on The Epoch TimesInflation increased by 5 percent from May 2020 to May 2021, as reported by the\xa0U.S. Bureau of Labor Statistics. The projected\xa0inflation\xa0for the coming… [+5019 chars]'}"
57,ok,16172,"{'source': {'id': 'reuters', 'name': 'Reuters'}, 'author': 'David Randall', 'title': 'Analysis: Transitory or here-to-stay? Investors try to read the inflation clues - Reuters', 'description': 'From lumber prices to wages and inventories: Reading the clues around inflation has turned into an investor obsession.', 'url': 'https://www.reuters.com/business/finance/transitory-or-here-to-stay-investors-try-read-inflation-clues-2021-06-15/', 'urlToImage': 'https://www.reuters.com/resizer/42_AhCujtnQIF4OzFS-iVlp-LBo=/800x419/smart/filters:quality(80)/cloudfront-us-east-2.images.arcpublishing.com/reuters/BKYBIWKUPRKFTJVVKCJKCVXHRM.jpg', 'publishedAt': '2021-06-15T15:26:00Z', 'content': 'Federal Reserve Board building is pictured in Washington, U.S., March 19, 2019. REUTERS/Leah Millis/File PhotoNEW YORK, June 15 (Reuters) - From lumber prices to wages and inventories: Reading the cl… [+5114 chars]'}"
58,ok,16172,"{'source': {'id': None, 'name': 'Stockmarket.com'}, 'author': 'Brandon Michael', 'title': '3 Consumer Stocks To Watch This Week', 'description': 'Despite the current fears over inflation, consumer spending continues to increase.', 'url': 'https://stockmarket.com/featured/consumer-stocks-to-watch-this-week-2021-06-16', 'urlToImage': 'https://assets.entrepreneur.com/providers/stockmarket/hero-image-stockmarket-374819.jpeg', 'publishedAt': '2021-06-16T23:48:11Z', 'content': 'This story originally appeared on StockMarketShould Investors Be Watching These Top 3 Consumer Stocks Now?\r\nAs most investors would know, inflation is a prominent factor to consider when investing in… [+7114 chars]'}"
59,ok,16172,"{'source': {'id': None, 'name': 'BNNBloomberg.ca'}, 'author': 'Bloomberg News', 'title': 'Powell says inflation from reopening larger than expected - BNN', 'description': '<ol><li>Powell says inflation from reopening larger than expected\xa0\xa0BNN\r\n</li><li>Fed Chair Jerome Powell: Much of the inflation rise is from categories affected by pandemic\xa0\xa0CNBC Television\r\n</li><li>Wall Street ticks up, S&P 500 nears record as markets calm\xa0…', 'url': 'http://www.bnnbloomberg.ca/fed-s-powell-says-high-inflation-temporary-will-abate-1.1620376', 'urlToImage': 'http://www.bnnbloomberg.ca/polopoly_fs/1.1618663!/fileimage/httpImage/image.jpg_gen/derivatives/landscape_620/u-s-federal-reserve-chair-jerome-powell.jpg', 'publishedAt': '2021-06-22T18:54:59Z', 'content': 'Federal Reserve Chair Jerome Powell said the price increases seen in the economy recently are bigger than expected but reiterated that they will likely wane.\r\nA pretty substantial part, or perhaps al… [+4229 chars]'}"
60,ok,16172,"{'source': {'id': None, 'name': 'Kitco NEWS'}, 'author': 'http://www.facebook.com/kitconews', 'title': ""Gold price ignores Powell's inflation stance: It's higher than expected, but it'll 'wane' - Kitco NEWS"", 'description': ""<ol><li>Gold price ignores Powell's inflation stance: It's higher than expected, but it'll 'wane'\xa0\xa0Kitco NEWS\r\n</li><li>Fed Chair Jerome Powell: Much of the inflation rise is from categories affected by pandemic\xa0\xa0CNBC Television\r\n</li><li>Wall Street ticks up…"", 'url': 'https://www.kitco.com/news/2021-06-22/Gold-price-ignores-Powell-s-inflation-stance-It-s-higher-than-expected-but-it-ll-wane.html', 'urlToImage': 'https://www.kitco.com/news/2021-06-22/images/shutterstock_1704467002-min.jpg', 'publishedAt': '2021-06-22T20:58:00Z', 'content': '(Kitco News) Federal Reserve Chair Jerome Powell said that transitory inflation has been higher and more persistent than expected, but it will ""wane.""\r\n""Substantial part or perhaps all of the oversho… [+3443 chars]'}"
61,ok,16172,"{'source': {'id': None, 'name': 'The Guardian'}, 'author': 'Richard Partington Economics correspondent', 'title': 'Pressure will build on Bank of England not to fall behind the curve with inflation', 'description': 'Analysis: Threadneedle Street believes the above-target 2.1% figure will prove temporary<ul><li>UK inflation jumps to 2.1% as petrol and clothing prices rise</li><li>Business live updates: UK inflation moves above Bank’s target</li><li>See all our coronavirus…', 'url': 'https://amp.theguardian.com/business/2021/jun/16/pressure-will-build-on-bank-of-england-not-to-fall-behind-the-curve-with-inflation', 'urlToImage': 'https://i.guim.co.uk/img/media/ff5e87ed16e742bbfc740fadd5f7a08b0e4758b6/15_388_2954_1771/master/2954.jpg?width=1200&height=630&quality=85&auto=format&fit=crop&overlay-align=bottom%2Cleft&overlay-width=100p&overlay-base64=L2ltZy9zdGF0aWMvb3ZlcmxheXMvdGctZGVmYXVsdC5wbmc&enable=upscale&s=e834317554de3fcf48529a5963853e30', 'publishedAt': '2021-06-16T10:57:50Z', 'content': 'Inflation is on the march. After the easing of lockdown in May, Britain has raced from economic bust to boom, with the rate of consumer price inflation hitting 2.1% above expectations and breaching t… [+2873 chars]'}"
62,ok,16172,"{'source': {'id': 'reuters', 'name': 'Reuters'}, 'author': 'Sinéad Carew', 'title': 'Dollar dips slightly as investors wait on the sidelines - Reuters', 'description': ""The dollar edged lower on Monday as investors looked ahead to European and U.S. central bank meetings and U.S. inflation data after Friday's lower-than-expected jobs data."", 'url': 'https://www.reuters.com/world/middle-east/dollar-dips-slightly-investors-wait-sidelines-2021-06-07/', 'urlToImage': 'https://www.reuters.com/resizer/wWhJ9lSQYm0V74Xapak66YIPfTU=/1200x628/smart/filters:quality(80)/cloudfront-us-east-2.images.arcpublishing.com/reuters/5JCCMQDLSRKMFOMNN4GVOFVTLA.jpg', 'publishedAt': '2021-06-07T14:51:00Z', 'content': ""An employee of the Korea Exchange Bank counts one hundred U.S. dollar notes during a photo opportunity at the bank's headquarters in Seoul April 28, 2010. REUTERS/Jo Yong-Hak/File PhotoThe dollar edg… [+2702 chars]""}"
63,ok,16172,"{'source': {'id': 'reuters', 'name': 'Reuters'}, 'author': 'Reuters', 'title': 'Financials boost Indian shares; U.S. inflation data eyed - Reuters', 'description': ""Indian shares closed up on Thursday, boosted by heavyweight financials stocks, with investors eyeing U.S. inflation data to gauge the Federal Reserve's stance on trimming stimulus measures."", 'url': 'https://www.reuters.com/world/india/financials-boost-indian-shares-us-inflation-data-eyed-2021-06-10/', 'urlToImage': 'https://www.reuters.com/resizer/2nc76B3opDgFt5q5AUlg465p9bk=/1200x628/smart/filters:quality(80)/cloudfront-us-east-2.images.arcpublishing.com/reuters/X6HZ6MZ5OFLZ7J7T4HZSDS55IM.jpg', 'publishedAt': '2021-06-10T10:34:00Z', 'content': 'A man walks past the Bombay Stock Exchange (BSE) building in Mumbai, India, March 6, 2020. REUTERS/Francis Mascarenhas/File photoIndian shares closed up on Thursday, boosted by heavyweight financials… [+1647 chars]'}"
64,ok,16172,"{'source': {'id': 'reuters', 'name': 'Reuters'}, 'author': 'Mai Nguyen', 'title': 'METALS-Copper eases on fears over China price curbs - Reuters', 'description': ""Copper fell on Thursday, hit by fresh concerns around price controls after surging producer inflation strengthened China's resolve to keep commodity prices in check."", 'url': 'https://www.reuters.com/article/global-metals-idUSL2N2NS07R', 'urlToImage': 'https://s1.reutersmedia.net/resources_v2/images/rcom-default.png?w=800', 'publishedAt': '2021-06-10T05:55:00Z', 'content': '(Updates prices, adds comments)\r\nHANOI, June 10 (Reuters) - Copper fell on Thursday, hit by fresh concerns around price controls after surging producer inflation strengthened Chinas resolve to keep c… [+1825 chars]'}"
65,ok,16172,"{'source': {'id': 'reuters', 'name': 'Reuters'}, 'author': 'Reuters Staff', 'title': 'CANADA STOCKS-TSX hits record high on energy, banking boost - Reuters', 'description': ""Canada's main stock index touched a record high on Monday as heavyweight energy and banking stocks gained, while investors await U.S inflation data due later this week."", 'url': 'https://www.reuters.com/article/canada-stocks-idUSL3N2NP39X', 'urlToImage': 'https://s1.reutersmedia.net/resources_v2/images/rcom-default.png?w=800', 'publishedAt': '2021-06-07T13:43:00Z', 'content': 'By Reuters Staff\r\nJune 7 (Reuters) - Canadas main stock index touched a record high on Monday as heavyweight energy and banking stocks gained, while investors await U.S inflation data due later this … [+136 chars]'}"
66,ok,16172,"{'source': {'id': 'reuters', 'name': 'Reuters'}, 'author': 'Reuters Staff', 'title': 'Turkey risks higher inflation, balance of payments problems -Scope Ratings - Reuters', 'description': 'Turkey risks structurally higher inflation and balance of payment problems longer-term unless authorities reverse policy missteps, Scope Ratings said on Tuesday.', 'url': 'https://www.reuters.com/article/us-turkey-cenbank-ratings-idUSKCN2DD3YO', 'urlToImage': 'https://static.reuters.com/resources/r/?m=02&d=20210601&t=2&i=1564098910&r=LYNXNPEH501T8&w=800', 'publishedAt': '2021-06-01T15:19:00Z', 'content': ""By Reuters Staff\r\nFILE PHOTO: A logo of Turkey's Central Bank (TCMB) is pictured at the entrance of the bank's headquarters in Ankara, Turkey April 19, 2015. REUTERS/Umit Bektas//File Photo\r\nLONDON (… [+1797 chars]""}"
67,ok,16172,"{'source': {'id': 'reuters', 'name': 'Reuters'}, 'author': 'Reuters Staff', 'title': 'U.S. consumer sentiment rebounds in early June - survey - Reuters', 'description': 'U.S. consumer sentiment rebounded in early June as inflation fears subsided and households grew more optimistic about future economic growth and employment, a survey showed on Friday.', 'url': 'https://www.reuters.com/article/usa-economy-sentiment-idUSAQN04A3E1', 'urlToImage': 'https://s1.reutersmedia.net/resources_v2/images/rcom-default.png?w=800', 'publishedAt': '2021-06-11T14:16:00Z', 'content': 'By Reuters Staff\r\nWASHINGTON, June 11 (Reuters) - U.S. consumer sentiment rebounded in early June as inflation fears subsided and households grew more optimistic about future economic growth and empl… [+620 chars]'}"
68,ok,16172,"{'source': {'id': 'reuters', 'name': 'Reuters'}, 'author': 'Kevin Buckland', 'title': 'Asia tracks Wall St lower as U.S. inflation bets perk up - Reuters', 'description': 'Asian stocks followed Wall Street lower on Friday as signs of a strengthening U.S. recovery boosted bets for higher inflation and an earlier tapering of Federal Reserve stimulus.', 'url': 'https://www.reuters.com/world/middle-east/global-markets-wrapup-1-2021-06-04/', 'urlToImage': 'https://www.reuters.com/resizer/HTtuI6eJOiVgCK5ARKA36OL5z3g=/1200x628/smart/filters:quality(80)/cloudfront-us-east-2.images.arcpublishing.com/reuters/NCZXXHNWZZMRLMR2UZ4AVSYBNU.jpg', 'publishedAt': '2021-06-04T01:39:00Z', 'content': 'Asian stocks followed Wall Street lower on Friday as signs of a strengthening U.S. recovery boosted bets for higher inflation and an earlier tapering of Federal Reserve stimulus.\r\nU.S. Treasury yield… [+3068 chars]'}"
69,ok,16172,"{'source': {'id': 'reuters', 'name': 'Reuters'}, 'author': 'Reuters Staff', 'title': 'Foreigners sell Japanese stocks for second straight week - Reuters', 'description': 'Foreign investors sold Japanese shares for a second straight week, hit by concerns over higher inflation levels and chances of an early tapering by the U.S. Federal Reserve.', 'url': 'https://www.reuters.com/article/japan-stocks-flows-idUSL3N2NZ219', 'urlToImage': 'https://s1.reutersmedia.net/resources_v2/images/rcom-default.png?w=800', 'publishedAt': '2021-06-17T08:01:00Z', 'content': 'By Reuters Staff\r\nJune 17 (Reuters) - Foreign investors sold Japanese shares for a second straight week, hit by concerns over higher inflation levels and chances of an early tapering by the U.S. Fede… [+1081 chars]'}"
70,ok,16172,"{'source': {'id': 'reuters', 'name': 'Reuters'}, 'author': 'Rodrigo Viga Gaier, Ricardo Brito', 'title': 'UPDATE 1-Brazil unveils emergency power measures - Reuters', 'description': ""Brazil's government on Monday unveiled emergency hydroelectric measures in response to a drought that has emptied reservoirs and fanned inflation expectations."", 'url': 'https://www.reuters.com/article/brazil-drought-idUSL2N2OA2P9', 'urlToImage': 'https://s1.reutersmedia.net/resources_v2/images/rcom-default.png?w=800', 'publishedAt': '2021-06-28T23:32:00Z', 'content': '(Adds emergency measure, ministers comments)\r\nRIO DE JANEIRO/BRASILIA, June 28 (Reuters) - Brazils government on Monday unveiled emergency hydroelectric measures in response to a drought that has emp… [+1498 chars]'}"
71,ok,16172,"{'source': {'id': 'reuters', 'name': 'Reuters'}, 'author': 'Ricardo Brito', 'title': 'Brazil unveils emergency power measures - Reuters', 'description': ""Brazil's government on Monday unveiled emergency hydroelectric measures in response to a drought that has emptied reservoirs and fanned inflation expectations."", 'url': 'https://www.reuters.com/world/americas/brazil-unveils-emergency-power-measures-2021-06-28/', 'urlToImage': None, 'publishedAt': '2021-06-29T00:35:00Z', 'content': ""RIO DE JANEIRO/BRASILIA, June 28 (Reuters) - Brazil's government on Monday unveiled emergency hydroelectric measures in response to a drought that has emptied reservoirs and fanned inflation expectat… [+1494 chars]""}"
72,ok,16172,"{'source': {'id': 'reuters', 'name': 'Reuters'}, 'author': 'Reuters', 'title': 'U.S. consumer spending takes a breather in May - Reuters', 'description': 'U.S. consumer spending was unchanged in May, likely as shortages hurt purchases of goods like motor vehicles, but the supply constraints helped to boost inflation.', 'url': 'https://www.reuters.com/business/us-consumer-spending-takes-breather-may-2021-06-25/', 'urlToImage': 'https://www.reuters.com/resizer/ti2SDTKcbC2zfSC-ypxoUT_r4HQ=/1200x628/smart/filters:quality(80)/cloudfront-us-east-2.images.arcpublishing.com/reuters/PTYKKELYQROM3FMXDZFL46WZSY.jpg', 'publishedAt': '2021-06-25T12:41:00Z', 'content': ""Shoppers carry bags of purchased merchandise at the King of Prussia Mall, United States' largest retail shopping space, in King of Prussia, Pennsylvania, U.S., December 8, 2018. REUTERS/Mark Makela\r\n… [+584 chars]""}"
73,ok,16172,"{'source': {'id': 'reuters', 'name': 'Reuters'}, 'author': 'Karen Brettell', 'title': 'FOREX-Dollar slips as U.S. consumer spending stagnates - Reuters', 'description': 'The U.S. dollar fell on Friday after data showed that U.S. consumer spending was flat in May, while producer price inflation came in below economists’ expectations.', 'url': 'https://www.reuters.com/article/global-forex-int-idUSKCN2E1159', 'urlToImage': 'https://static.reuters.com/resources/r/?m=02&d=20210625&t=2&i=1566957629&r=LYNXNPEH5O0KI&w=800', 'publishedAt': '2021-06-25T14:02:00Z', 'content': 'NEW YORK (Reuters) - The U.S. dollar fell on Friday after data showed that U.S. consumer spending was flat in May, while producer price inflation came in below economists expectations.\r\nFILE PHOTO: A… [+3318 chars]'}"
74,ok,16172,"{'source': {'id': 'reuters', 'name': 'Reuters'}, 'author': 'Reuters', 'title': 'Qatar central bank governor sees no need to change currency peg regime - Reuters', 'description': ""Qatar has no need to change its currency peg regime despite concerns about rising inflation, the governor of the Gulf state's central bank said on Wednesday."", 'url': 'https://www.reuters.com/world/middle-east/qatar-central-bank-governor-sees-no-need-change-currency-peg-regime-2021-06-23/', 'urlToImage': 'https://www.reuters.com/resizer/qj_bSduiNuXHQ45F4ww7S7GdzO4=/1200x628/smart/filters:quality(80)/cloudfront-us-east-2.images.arcpublishing.com/reuters/7DQGNV45PRP2VBX547QVIOHRYA.jpg', 'publishedAt': '2021-06-23T13:11:00Z', 'content': ""Qatar's central bank governor Sheikh Abdullah bin Saud al-Thani claps during the 58th Gulf Cooperation Council (GCC) Central Bank Governors' annual meeting in Manama September 18, 2013. REUTERS/Hamad… [+585 chars]""}"
75,ok,16172,"{'source': {'id': 'reuters', 'name': 'Reuters'}, 'author': 'Reuters Staff', 'title': ""Brazil's National Monetary Council sets 2024 inflation target at 3.00% - Reuters"", 'description': ""Brazil's National Monetary Council (CMN) on Thursday set the central bank's 2024 inflation target at 3.00%, with a tolerance margin of 1.5 percentage points on either side."", 'url': 'https://www.reuters.com/article/brazil-inflation-2024-idUSS0N2NM005', 'urlToImage': 'https://s1.reutersmedia.net/resources_v2/images/rcom-default.png?w=800', 'publishedAt': '2021-06-24T21:37:00Z', 'content': 'By Reuters Staff\r\nBRASILIA, June 24 (Reuters) - Brazils National Monetary Council (CMN) on Thursday set the central banks 2024 inflation target at 3.00%, with a tolerance margin of 1.5 percentage poi… [+261 chars]'}"
76,ok,16172,"{'source': {'id': 'reuters', 'name': 'Reuters'}, 'author': 'John Kemp', 'title': 'Column: Rising oil price will draw response from consumers: Kemp - Reuters', 'description': 'Oil prices have risen above the long-term average, once adjusted for inflation, and are likely to encounter increasing resistance from consumers if they continue to climb.', 'url': 'https://www.reuters.com/world/middle-east/rising-oil-price-will-draw-response-consumers-kemp-2021-06-30/', 'urlToImage': 'https://www.reuters.com/resizer/qh8H-0rA3Ty5w8jGIZT-I1va5vE=/1200x628/smart/filters:quality(80)/cloudfront-us-east-2.images.arcpublishing.com/reuters/55B5E7HJG5OVNEC35DKWPIFBLA.jpg', 'publishedAt': '2021-06-30T14:49:00Z', 'content': 'LONDON, June 30 (Reuters) - Oil prices have risen above the long-term average, once adjusted for inflation, and are likely to encounter increasing resistance from consumers if they continue to climb.… [+5856 chars]'}"
77,ok,16172,"{'source': {'id': 'reuters', 'name': 'Reuters'}, 'author': 'Karen Brettell', 'title': 'Dollar slips as U.S. consumer spending stagnates - Reuters', 'description': 'The U.S. dollar fell on Friday after data showed that U.S. consumer spending was flat in May, while producer price inflation came in below economists’ expectations.', 'url': 'https://www.reuters.com/business/dollar-slips-us-consumer-spending-stagnates-2021-06-25/', 'urlToImage': None, 'publishedAt': '2021-06-25T14:14:00Z', 'content': 'NEW YORK, June 25 (Reuters) - The U.S. dollar fell on Friday after data showed that U.S. consumer spending was flat in May, while producer price inflation came in below economists expectations.\r\nCons… [+2296 chars]'}"
78,ok,16172,"{'source': {'id': None, 'name': 'Global News'}, 'author': 'David Lao', 'title': 'Housing? Gas? Here are the sectors that may get more expensive amid rising inflation rate - Global News', 'description': ""<ol><li>Housing? Gas? Here are the sectors that may get more expensive amid rising inflation rate\xa0\xa0Global News\r\n</li><li>Canada's inflation rate rises to highest level in a decade, at 3.6%\xa0\xa0CBC.ca\r\n</li><li>Canada's annual inflation rate accelerates to highes…"", 'url': 'https://globalnews.ca/news/7955839/housing-gas-sectors-more-expensive-rising-inflation-rate/', 'urlToImage': 'https://globalnews.ca/wp-content/uploads/2020/08/CP18654084-e1623895107179.jpg?quality=85&strip=all&w=720&h=379&crop=1', 'publishedAt': '2021-06-17T02:55:37Z', 'content': 'With Canadas annual inflation rate seeing a record increase last month, some economists say certain sectors will eventually level off as the economy recovers from COVID-19, while others might continu… [+4846 chars]'}"
79,ok,16172,"{'source': {'id': 'reuters', 'name': 'Reuters'}, 'author': 'Reuters', 'title': 'Wall St opens flat as investors await inflation data - Reuters', 'description': ""Wall Street's main indexes opened unchanged on Monday as investors remained on the fence ahead of key inflation data later this week, while heavyweight technology shares largely shrugged off a deal by the world's richest nations on a global minimum corporate …"", 'url': 'https://www.reuters.com/business/wall-st-opens-flat-investors-await-inflation-data-2021-06-07/', 'urlToImage': 'https://www.reuters.com/resizer/MJjUwbioFLr89KW3hofj7VpP8TE=/1200x628/smart/filters:quality(80)/cloudfront-us-east-2.images.arcpublishing.com/reuters/5LFDYT4H7VLJ3NROMZXHB67SBA.jpg', 'publishedAt': '2021-06-07T13:40:00Z', 'content': ""The New York Stock Exchange is pictured in the Manhattan borough of New York City, New York, U.S., April 16, 2021. REUTERS/Carlo Allegri/File PhotoWall Street's main indexes opened unchanged on Monda… [+529 chars]""}"
80,ok,16172,"{'source': {'id': 'reuters', 'name': 'Reuters'}, 'author': 'Leika Kihara', 'title': ""Analysis: Fed's dovish inflation approach complicates BOJ's taper plans - Reuters"", 'description': ""The U.S. Federal Reserve's recent commitment to keep interest rates low despite creeping inflation has created new headaches for the Bank of Japan, which is trying to quietly wean the economy off its massive stimulus."", 'url': 'https://www.reuters.com/world/asia-pacific/feds-dovish-inflation-approach-complicates-bojs-taper-plans-2021-06-02/', 'urlToImage': None, 'publishedAt': '2021-06-02T22:06:00Z', 'content': ""The U.S. Federal Reserve's recent commitment to keep interest rates low despite creeping inflation has created new headaches for the Bank of Japan, which is trying to quietly wean the economy off its… [+4541 chars]""}"
81,ok,16172,"{'source': {'id': 'reuters', 'name': 'Reuters'}, 'author': 'Ambar Warrick', 'title': 'Futures hold steady ahead of inflation data - Reuters', 'description': 'U.S. stock index futures traded in a tight range on Thursday as investors waited for inflation data for signs the Federal Reserve could start tightening monetary policy faster than expected.', 'url': 'https://www.reuters.com/business/futures-hold-steady-ahead-inflation-data-2021-06-10/', 'urlToImage': 'https://www.reuters.com/resizer/zsbp5W4axzQTo-6DkgUSCGImsLQ=/1200x628/smart/filters:quality(80)/cloudfront-us-east-2.images.arcpublishing.com/reuters/65GH3ICKGBKOHLGXFROSOVSCDY.jpg', 'publishedAt': '2021-06-10T11:19:00Z', 'content': ""Morning sunlight falls on the facade of the New York Stock Exchange (NYSE) building after the start of Thursday's trading session in Manhattan in New York City, New York, U.S., January 28, 2021. REUT… [+1978 chars]""}"
82,ok,16172,"{'source': {'id': 'reuters', 'name': 'Reuters'}, 'author': 'Reuters', 'title': 'Wall Street opens higher after inflation, jobless claims data - Reuters', 'description': 'U.S. stocks opened higher on Thursday, shrugging off a bigger-than-expected jump in May consumer prices that raised concerns of early policy tightening by the Federal Reserve, while another report showed the labor market remained under pressure.', 'url': 'https://www.reuters.com/business/wall-street-opens-higher-after-inflation-jobless-claims-data-2021-06-10/', 'urlToImage': None, 'publishedAt': '2021-06-10T13:35:00Z', 'content': 'U.S. stocks opened higher on Thursday, shrugging off a bigger-than-expected jump in May consumer prices that raised concerns of early policy tightening by the Federal Reserve, while another report sh… [+370 chars]'}"
83,ok,16172,"{'source': {'id': 'reuters', 'name': 'Reuters'}, 'author': 'Tom Westbrook', 'title': 'FOREX-Dollar marooned as investors shrug off inflation spike - Reuters', 'description': 'After a week of anxious waiting, markets got the high U.S. inflation number they dreaded, shrugged it off and moved on - leaving the U.S. dollar under pressure and most majors stuck in ranges.', 'url': 'https://www.reuters.com/article/us-global-forex-idUSKCN2DN042', 'urlToImage': 'https://static.reuters.com/resources/r/?m=02&d=20210611&t=2&i=1565288172&r=LYNXNPEH5A01D&w=800', 'publishedAt': '2021-06-11T01:26:00Z', 'content': 'SINGAPORE (Reuters) - After a week of anxious waiting, markets got the high U.S. inflation number they dreaded, shrugged it off and moved on - leaving the U.S. dollar under pressure and most majors s… [+3519 chars]'}"
84,ok,16172,"{'source': {'id': 'reuters', 'name': 'Reuters'}, 'author': 'Tom Westbrook', 'title': 'Dollar marooned as investors shrug off inflation spike - Reuters', 'description': 'After a week of anxious waiting, markets got the high U.S. inflation number they dreaded, shrugged it off and moved on - leaving the U.S. dollar under pressure and most majors stuck in ranges.', 'url': 'https://www.reuters.com/world/china/dollar-marooned-investors-shrug-off-inflation-spike-2021-06-11/', 'urlToImage': 'https://www.reuters.com/resizer/QyURpSfgyrmWAs7HLGPB8-eMvVY=/1200x628/smart/filters:quality(80)/cloudfront-us-east-2.images.arcpublishing.com/reuters/6NQZOKWJOVN6BF7NIF7MADOFM4.jpg', 'publishedAt': '2021-06-11T01:53:00Z', 'content': 'After a week of anxious waiting, markets got the high U.S. inflation number they dreaded, shrugged it off and moved on - leaving the U.S. dollar under pressure and most majors stuck in ranges.\r\nEarly… [+2854 chars]'}"
85,ok,16172,"{'source': {'id': 'reuters', 'name': 'Reuters'}, 'author': 'Ritvik Carvalho', 'title': 'Dollar edges lower ahead of inflation print, ECB meeting - Reuters', 'description': ""The dollar hovered at the lower end of recent gains on Wednesday as traders looked to upcoming U.S. inflation data and a European Central Bank (ECB) meeting to gauge the pace of global recovery and policymakers' thinking about paring back stimulus."", 'url': 'https://www.reuters.com/business/dollar-edges-lower-ahead-inflation-print-ecb-meeting-2021-06-09/', 'urlToImage': 'https://www.reuters.com/resizer/cQQaJ8Lg5pORIr9y5fwCFrXcZrY=/1200x628/smart/filters:quality(80)/cloudfront-us-east-2.images.arcpublishing.com/reuters/R34KRMZ2MZMFRDPSDP74AD65O4.jpg', 'publishedAt': '2021-06-09T11:24:00Z', 'content': 'An employee counts U.S. dollar bills at a money exchange in central Cairo, Egypt, March 20, 2019. REUTERS/Mohamed Abd El Ghany/File PhotoThe dollar hovered at the lower end of recent gains on Wednesd… [+3983 chars]'}"
86,ok,16172,"{'source': {'id': 'reuters', 'name': 'Reuters'}, 'author': 'David Milliken', 'title': 'UK retailers report more inflation pressure as economy reopens - Reuters', 'description': 'British retailers have reported the smallest price falls since the start of the COVID pandemic, partly due to shoppers buying more clothes and shoes as lockdowns eased, and they said price pressures were likely to rise further over the rest of 2021.', 'url': 'https://www.reuters.com/article/britain-inflation-idUSL5N2NJ2YS', 'urlToImage': 'https://s1.reutersmedia.net/resources_v2/images/rcom-default.png?w=800', 'publishedAt': '2021-06-01T23:04:00Z', 'content': 'LONDON, June 2 (Reuters) - British retailers have reported the smallest price falls since the start of the COVID pandemic, partly due to shoppers buying more clothes and shoes as lockdowns eased, and… [+1731 chars]'}"
87,ok,16172,"{'source': {'id': 'reuters', 'name': 'Reuters'}, 'author': 'Ritvik Carvalho', 'title': 'Dollar clings to recent bounce ahead of inflation, ECB - Reuters', 'description': ""The dollar clung on to its recent small gains on Wednesday as traders looked to upcoming U.S. inflation data and a European Central Bank (ECB) meeting to gauge the pace of global recovery and policymakers' thinking about paring back stimulus."", 'url': 'https://www.reuters.com/world/middle-east/dollar-clings-recent-bounce-ahead-inflation-ecb-2021-06-09/', 'urlToImage': None, 'publishedAt': '2021-06-09T08:10:00Z', 'content': 'The dollar clung on to its recent small gains on Wednesday as traders looked to upcoming U.S. inflation data and a European Central Bank (ECB) meeting to gauge the pace of global recovery and policym… [+3977 chars]'}"
88,ok,16172,"{'source': {'id': 'reuters', 'name': 'Reuters'}, 'author': 'Reuters', 'title': 'Wall Street opens slightly higher as inflation fears ebb - Reuters', 'description': ""U.S. stocks opened slightly higher on Friday as inflation data calmed concerns over a possible long-term spike in consumer prices, while investors looked to next week's Federal Reserve meeting for more cues on monetary policy."", 'url': 'https://www.reuters.com/business/wall-street-opens-slightly-higher-inflation-fears-ebb-2021-06-11/', 'urlToImage': None, 'publishedAt': '2021-06-11T13:40:00Z', 'content': ""U.S. stocks opened slightly higher on Friday as inflation data calmed concerns over a possible long-term spike in consumer prices, while investors looked to next week's Federal Reserve meeting for mo… [+351 chars]""}"
89,ok,16172,"{'source': {'id': 'reuters', 'name': 'Reuters'}, 'author': 'Karen Brettell', 'title': ""FOREX-Dollar slips after Fed's Powell downplays inflation fears - Reuters"", 'description': 'The dollar retreated on Wednesday after Federal Reserve Chair Jerome Powell on Tuesday said that rising inflation is likely temporary and showed no signs of being in a hurry to tighten monetary policy.', 'url': 'https://www.reuters.com/article/global-forex-int-idUSKCN2DZ0VF', 'urlToImage': 'https://static.reuters.com/resources/r/?m=02&d=20210623&t=2&i=1566670229&r=LYNXNPEH5M0D6&w=800', 'publishedAt': '2021-06-23T14:11:00Z', 'content': 'NEW YORK (Reuters) - The dollar retreated on Wednesday after Federal Reserve Chair Jerome Powell on Tuesday said that rising inflation is likely temporary and showed no signs of being in a hurry to t… [+2476 chars]'}"
90,ok,16172,"{'source': {'id': 'reuters', 'name': 'Reuters'}, 'author': 'William Schomberg', 'title': 'Rising inflation puts Bank of England on the spot - Reuters', 'description': ""The Bank of England will say on Thursday whether it is worried about a recent jump in inflation, which broke above the central bank's 2% target and looks set to climb higher as Britain reawakens its economy from its coronavirus slumber."", 'url': 'https://www.reuters.com/world/uk/rising-inflation-puts-bank-england-spot-2021-06-23/', 'urlToImage': 'https://www.reuters.com/resizer/dhXAbKx0oL8SNeiHLm3n0Qs_R9Q=/1200x628/smart/filters:quality(80)/cloudfront-us-east-2.images.arcpublishing.com/reuters/ANP5LZFDDBIJRJYQJCT7WJ75II.jpg', 'publishedAt': '2021-06-23T23:04:00Z', 'content': 'A security officer stands outside the Bank of England, as the spread of the coronavirus disease (COVID-19) continues, in London, Britain, March 23, 2020. REUTERS/Toby Melville/File PhotoLONDON, June … [+3345 chars]'}"
91,ok,16172,"{'source': {'id': 'reuters', 'name': 'Reuters'}, 'author': 'Swati Pandey', 'title': 'Asian shares tread water, markets eye U.S. inflation signals - Reuters', 'description': 'Asian shares marked time on Thursday, with China nudging lower, while the U.S. dollar held below an 11-week high as investors reassessed U.S. Federal Reserve statements on inflation and looked to upcoming data for direction.', 'url': 'https://www.reuters.com/business/global-markets-wrapup-2-pix-2021-06-24/', 'urlToImage': 'https://www.reuters.com/resizer/369mpgp_IFWwDGT4TFZ3p7W0u-o=/1200x628/smart/filters:quality(80)/cloudfront-us-east-2.images.arcpublishing.com/reuters/4IGJKJEO4VJULGFPX3EDXM55WY.jpg', 'publishedAt': '2021-06-24T02:43:00Z', 'content': 'SYDNEY, June 24 (Reuters) - Asian shares marked time on Thursday, with China nudging lower, while the U.S. dollar held below an 11-week high as investors reassessed U.S. Federal Reserve statements on… [+3278 chars]'}"
92,ok,16172,"{'source': {'id': 'reuters', 'name': 'Reuters'}, 'author': 'Jonathan Cable', 'title': 'Bank of England to look through temporary inflation rise - Reuters', 'description': 'British inflation can rise above 3% before the Bank of England feels discomfort, according to a Reuters poll of economists who also said the economy would expand faster than previously thought this quarter as more pandemic restrictions are lifted.', 'url': 'https://www.reuters.com/world/uk/bank-england-look-through-temporary-inflation-rise-2021-06-18/', 'urlToImage': 'https://www.reuters.com/resizer/ZA2xDNCPpbGVpzfUybR5HzboFDU=/800x419/smart/filters:quality(80)/cloudfront-us-east-2.images.arcpublishing.com/reuters/66TPEXAWB5NS7EI2DDTR6KCQJY.jpg', 'publishedAt': '2021-06-18T01:18:00Z', 'content': 'A pedestrian shelters under a Union Flag umbrella in front of the Bank of England, in London, Britain August 16, 2018. REUTERS/ Hannah McKayLONDON, June 18 (Reuters) - British inflation can rise abov… [+3152 chars]'}"
93,ok,16172,"{'source': {'id': 'reuters', 'name': 'Reuters'}, 'author': 'John Kemp', 'title': 'Column: Faster U.S. wage rises will help entrench inflation - Reuters', 'description': 'U.S. employees are feeling confident enough to push for better pay and conditions, despite the high level of unemployment after the pandemic, a sign the balance of power is shifting in the job market.', 'url': 'https://www.reuters.com/article/uk-usa-inflation-kemp-idUSKCN2DR1SI', 'urlToImage': 'https://static.reuters.com/resources/r/?m=02&d=20210615&t=2&i=1565775454&r=LYNXNPEH5E0V1&w=800', 'publishedAt': '2021-06-15T15:30:00Z', 'content': 'LONDON (Reuters) - U.S. employees are feeling confident enough to push for better pay and conditions, despite the high level of unemployment after the pandemic, a sign the balance of power is shiftin… [+6465 chars]'}"
94,ok,16172,"{'source': {'id': 'reuters', 'name': 'Reuters'}, 'author': 'Reuters Staff', 'title': 'METALS-Copper prices slip on U.S. inflation jitters - Reuters', 'description': 'Copper fell for the first time this week on Thursday as mixed signals from the U.S. Federal Reserve triggered investor jitters about the timing of interest rate increases, which could sap demand for metals.', 'url': 'https://www.reuters.com/article/global-metals-idUSL2N2O60J0', 'urlToImage': 'https://s1.reutersmedia.net/resources_v2/images/rcom-default.png?w=800', 'publishedAt': '2021-06-24T11:32:00Z', 'content': 'By Reuters Staff\r\n(Updates prices, changes dateline from HANOI)\r\nLONDON, June 24 (Reuters) - Copper fell for the first time this week on Thursday as mixed signals from the U.S. Federal Reserve trigge… [+1776 chars]'}"
95,ok,16172,"{'source': {'id': 'reuters', 'name': 'Reuters'}, 'author': 'Reuters Staff', 'title': ""Fed's Kashkari: Inflation will be temporary, workers will return - Reuters"", 'description': 'Federal Reserve Bank of Minneapolis Neel Kashkari on Friday said he expects recent high inflation readings will not last, and Americans will return to the labor market in large numbers by the fall.', 'url': 'https://www.reuters.com/article/us-usa-fed-kashkari-idUSKCN2E11LT', 'urlToImage': 'https://static.reuters.com/resources/r/?m=02&d=20210625&t=2&i=1566975713&r=LYNXNPEH5O0TG&w=800', 'publishedAt': '2021-06-25T14:37:00Z', 'content': ""By Reuters Staff\r\nFILE PHOTO: Minneapolis Federal Reserve Bank President Neel Kashkari poses during an interview with Reuters in his office at the bank's headquarters in Minneapolis, Minnesota, U.S.,… [+741 chars]""}"
96,ok,16172,"{'source': {'id': 'reuters', 'name': 'Reuters'}, 'author': 'Tetsushi Kajimoto,Kaori Kaneko', 'title': ""Academic close to Kuroda calls for 'flexible inflation target' - Reuters"", 'description': 'The Bank of Japan must make its inflation target more flexible so it can take into account not just price growth but also the output gap and job creation when deciding on monetary policy, an academic close to BOJ Governor Haruhiko Kuroda said.', 'url': 'https://www.reuters.com/business/academic-close-kuroda-calls-flexible-inflation-target-2021-06-22/', 'urlToImage': 'https://www.reuters.com/resizer/kKxAzGAHUSYBgK5Z_NmZHSIFj0U=/800x419/smart/filters:quality(80)/cloudfront-us-east-2.images.arcpublishing.com/reuters/O6TMLKYZEFMX3HEWCWVH6HSIFQ.jpg', 'publishedAt': '2021-06-22T08:45:00Z', 'content': 'TOKYO, June 22 (Reuters) - The Bank of Japan must make its inflation target more flexible so it can take into account not just price growth but also the output gap and job creation when deciding on m… [+2594 chars]'}"
97,ok,16172,"{'source': {'id': 'reuters', 'name': 'Reuters'}, 'author': 'Reuters', 'title': 'Euro zone inflation eases before expected march higher - Reuters', 'description': ""Euro zone inflation eased this month, levelling off for the summer months before an expected move well above the European Central Bank's target towards the autumn on higher commodity prices."", 'url': 'https://www.reuters.com/world/europe/euro-zone-inflation-eases-before-expected-march-higher-2021-06-30/', 'urlToImage': 'https://www.reuters.com/resizer/6OkyBI3LZt47RgoVpk6e1X0iT3U=/1200x628/smart/filters:quality(80)/cloudfront-us-east-2.images.arcpublishing.com/reuters/VSLCYUVOMNK43A4MM6UP45XIFE.jpg', 'publishedAt': '2021-06-30T09:08:00Z', 'content': 'Shoppers walk along a shopping street ahead of Christmas amid the spread of the coronavirus disease (COVID-19) in Rome, Italy, November 30, 2020. REUTERS/Guglielmo Mangiapane FRANKFURT, June 30 (Reut… [+2084 chars]'}"
98,ok,16172,"{'source': {'id': 'reuters', 'name': 'Reuters'}, 'author': 'Reuters', 'title': 'Indonesia June inflation slows to 10-month low - Reuters', 'description': ""Indonesia's annual inflation rate eased to a 10-month low in June amid stricter coronavirus curbs following a surge in COVID-19 cases, data from the statistics bureau showed on Thursday."", 'url': 'https://www.reuters.com/world/asia-pacific/indonesia-june-inflation-slows-10-month-low-2021-07-01/', 'urlToImage': 'https://www.reuters.com/pf/resources/images/reuters/reuters-default.png?d=42', 'publishedAt': '2021-07-01T04:23:00Z', 'content': ""JAKARTA, July 1 (Reuters) - Indonesia's annual inflation rate eased to a 10-month low in June amid stricter coronavirus curbs following a surge in COVID-19 cases, data from the statistics bureau show… [+724 chars]""}"
99,ok,16172,"{'source': {'id': 'reuters', 'name': 'Reuters'}, 'author': 'Andy Bruce, William Schomberg', 'title': ""BoE's Bailey warns against over-reaction to rising inflation - Reuters"", 'description': ""Bank of England Governor Andrew Bailey said on Thursday it was important not to over-react to a rise in inflation that was likely to prove temporary during Britain's economic recovery from the COVID-19 crisis."", 'url': 'https://www.reuters.com/article/us-britain-boe-bailey-idUSKCN2E73SB', 'urlToImage': 'https://static.reuters.com/resources/r/?m=02&d=20210701&t=2&i=1567555084&r=LYNXNPEH601YR&w=800', 'publishedAt': '2021-07-01T08:38:00Z', 'content': 'LONDON (Reuters) -Bank of England Governor Andrew Bailey said on Thursday it was important not to over-react to a rise in inflation that was likely to prove temporary during Britains economic recover… [+3091 chars]'}"
